,id,name,company_has_phd,proportion_technical,founder_from_institute,founder_has_phd,founder_pat_pub,No_people_input
0,1742681,Healthcardionexion.com,0,,,,,1
1,1743314,4P Pharma,1,0.7,0.0,1.0,0.0,0
2,1598607,AFYREN,1,0.3,0.0,2.0,1.0,0
3,894817,Abbelight,1,0.7647058823529411,1.0,2.0,1.0,0
4,1683057,AblaCare,0,0.0,0.0,0.0,0.0,0
5,1660138,Acklio,1,0.5,0.0,1.0,0.0,0
6,869601,Actronika,0,0.42105263157894735,0.0,0.0,0.0,0
7,1682111,Acubens,0,,,,,1
8,1683462,Addidream,0,0.25,0.0,0.0,0.0,0
9,1479284,AddUp,0,,,,,1
10,1479192,Adionics,0,0.6666666666666666,0.0,0.0,0.0,0
11,917491,Acs Biotech,0,0.0,0.0,0.0,0.0,0
12,898594,Aenitis,1,0.5714285714285714,0.0,0.0,0.0,0
13,1618458,AFULudine,1,0.2727272727272727,0.0,1.0,0.0,0
14,1742383,AgenT,0,,,,,1
15,1478165,APSI 3D,0,,,,,1
16,1448132,Air-Serenity,1,0.3333333333333333,0.0,1.0,0.0,0
17,868613,Air-Lynx,0,0.21428571428571427,0.0,0.0,0.0,0
18,1834217,AirMems,1,0.8571428571428571,0.0,1.0,0.0,0
19,1479334,Airthium,0,0.8333333333333334,0.0,0.0,0.0,0
20,1862064,Ajelis,0,,,,,1
21,894777,Akheros,0,0.5,0.0,0.0,0.0,0
22,1811901,Akryvia,0,0.38461538461538464,0.0,0.0,0.0,0
23,10427,Aledia,1,0.6057692307692307,0.0,1.0,0.0,0
24,926638,Algodone,0,0.36363636363636365,0.0,0.0,0.0,0
25,1832469,Algosource,0,,,,,1
26,1832154,Alizé Pharma,1,0.3333333333333333,0.0,1.0,0.0,0
27,1248545,Alphanosos,0,,,,,1
28,923651,Alsid,0,0.2676056338028169,0.0,0.0,0.0,0
29,926466,Altevax,0,,,,,1
30,1768749,ALZOHIS,0,0.16666666666666666,0.0,0.0,0.0,0
31,969057,Amoneta Diagnostics SAS,0,0.5,0.0,0.0,0.0,0
32,1682182,Amypore,0,,,,,1
33,969382,Ciloa SAS,0,,,,,1
34,1743459,CLINIFIT,0,,,,,1
35,26725,Cogniteev,0,,,,,1
36,1464696,Crosslux,0,,,,,1
37,1482759,Gen.Orph,0,,,,,1
38,1458223,H-Immune,0,,,,,1
39,1478345,HydrOcean,0,,,,,1
40,1792163,Isabo,0,,,,,1
41,932476,Lipofabrik,0,,,,,1
42,1817120,Lyophitech,0,,,,,1
43,885585,Nixys,0,,,,,1
44,1743523,Nodea Medical,0,,,,,1
45,1482975,OncoDiag,0,,,,,1
46,1832967,Phonoptics,0,,,,,1
47,215537,Prestodiag,0,,,,,1
48,1447767,RegStem,0,,,,,1
49,1336864,Spotlight,0,,,,,1
50,1842349,Tollys,0,,,,,1
51,1742837,Tricares,0,,,,,1
52,906637,voxolab,0,,,,,1
53,1843930,GMP Orphan Deutschland,0,,,,,1
54,1773238,Urania Therapeutics,0,,,,,1
55,1756462,Holistick medical,0,,,,,1
56,1743435,CIP sysTems,0,,,,,1
57,1763083,Extralab System,0,,,,,1
58,1787891,Lalilo,0,,,,,1
59,232939,Mensia Technologies,0,,,,,1
60,1482033,Akwatyx,0,,,,,1
61,893856,Artchy,0,,,,,1
62,1834666,Black-line,0,,,,,1
63,20334,Dareboost,0,,,,,1
64,1477723,Epiderm,0,,,,,1
65,1835167,Eyye,0,,,,,1
66,1660410,Heyliot,0,,,,,1
67,137584,Knot,0,,,,,1
68,97446,Memento,0,,,,,1
69,1660559,O'Sol,0,,,,,1
70,1749405,Safe-Cyberdefense,0,,,,,1
71,1482312,Aqualeg,0,,,,,1
72,74402,Groupe ADF,0,,,,,1
73,899324,Aeris group,0,,,,,1
74,172165,APPARTOO,0,,,,,1
75,1482023,Argos VR Systems,0,,,,,1
76,1479354,Ecole de Biologie Industrielle,0,,,,,1
77,1905854,Bcm,0,,,,,1
78,1248567,Comet,0,,,,,1
79,1893733,Datarocks,0,,,,,1
80,1748938,Wosomtech,0,,,,,1
81,13281,DP,0,,,,,1
82,1481828,Eminence SAS,0,,,,,1
83,1660334,EONEF,0,,,,,1
84,221666,CVG,0,,,,,1
85,1483742,Faldes,0,,,,,1
86,1660354,FEALINX,0,,,,,1
87,898848,Genes'ink,0,,,,,1
88,1524875,Okwind.fr,0,,,,,1
89,1742844,InnoproteaFrance,0,,,,,1
90,102427,ICO,0,,,,,1
91,1813063,Kojo,0,,,,,1
92,1477351,Icare laboratory,0,,,,,1
93,1749457,Motion France,0,,,,,1
94,1533124,TokTokDoc,0,,,,,1
95,1483377,Watteco,0,,,,,1
96,1891959,Novaquark,0,,,,,1
97,1480726,Oneortho medical,0,,,,,1
98,1749463,Parkmatch,0,,,,,1
99,1478711,Rollkers,0,,,,,1
100,892870,Esillage,0,,,,,1
101,1919211,Smartfuture,0,,,,,1
102,210185,Swift,0,,,,,1
103,144370,Sword,0,,,,,1
104,1748323,Picto Travel,0,,,,,1
105,1742531,XT-VISION,0,,,,,1
106,1817020,Expertisens,0,,,,,1
107,168698,Greenleaf,0,,,,,1
108,868226,Makitoo,0,,,,,1
109,1743428,Payname,0,,,,,1
110,1826650,Sylha,0,,,,,1
111,1483772,Tidalys,0,,,,,1
112,1710507,NumScale,0,,,,,1
113,1483735,Arthur Dupuy,0,,,,,1
114,1482710,ATAWEY,0,,,,,1
115,1478179,Anagenesis,0,,,,,1
116,929365,Apix Analytics,1,0.45,2.0,1.0,0.0,0
117,969067,Anatoscope,1,0.6875,1.0,2.0,1.0,0
118,882266,Angus.AI,1,0.5,1.0,1.0,1.0,0
119,922798,Antabio,1,0.3076923076923077,0.0,1.0,0.0,0
120,894781,Antescofo,1,0.13333333333333333,1.0,2.0,1.0,0
121,1834218,Anywaves,1,0.5238095238095238,0.0,1.0,0.0,0
122,1742547,APCure,0,,,,,1
123,869272,Apizee,0,0.3055555555555556,0.0,0.0,0.0,0
124,1761584,Aqemia,1,0.75,1.0,1.0,1.0,0
125,870799,Argosim,0,0.0,0.0,0.0,0.0,0
126,972999,Armor,0,,,,,1
127,1748355,Arskan,0,,,,,1
128,1534628,Astraveus,1,0.6666666666666666,1.0,1.0,0.0,0
129,892840,Augment,0,0.0,0.0,0.0,1.0,0
130,1248552,Autokab,0,0.0,0.0,0.0,0.0,0
131,962227,Aveine,0,0.0,0.0,0.0,0.0,0
132,1249456,Avril,0,,,,,1
133,1834596,AYKOW,0,,,,,1
134,1742934,Ayni,0,0.16666666666666666,0.0,0.0,0.0,0
135,1248553,Babyprogress,0,0.0,0.0,0.0,0.0,0
136,893871,Balyo,0,,,,,1
137,92747,Beam,0,,,,,1
138,1248555,BeeBryte,0,0.2,0.0,0.0,0.0,0
139,1479918,BIOMAE,1,0.75,0.0,1.0,0.0,0
140,1710681,BioMathematica,1,1.0,0.0,1.0,1.0,0
141,1737286,BIOMILLENIA,1,0.8,0.0,0.0,0.0,0
142,892854,Biomodex,1,0.25925925925925924,0.0,0.0,0.0,0
143,215379,Biophytis,1,0.47058823529411764,0.0,1.0,0.0,0
144,1481524,Biosency,1,0.3333333333333333,0.0,1.0,0.0,0
145,864003,Bioserenity,0,,,,,1
146,1534604,SAS BIOSPEEDIA,0,0.25,0.0,0.0,0.0,0
147,1757989,Blazar,1,1.0,0.0,1.0,1.0,0
148,1677994,Bleckwen,0,0.3793103448275862,0.0,0.0,0.0,0
149,1822366,Bluescop,0,1.0,0.0,0.0,0.0,0
150,1834691,Bonetag,0,,,,,1
151,1249119,BrainEver,1,0.42857142857142855,0.0,0.0,0.0,0
152,1713805,BrainPlotting,1,1.0,1.0,1.0,0.0,0
153,1662836,Braintale,1,0.3333333333333333,0.0,2.0,0.0,0
154,882193,BrainVectis,0,1.0,0.0,0.0,0.0,0
155,1453157,C4Diagnostics,1,0.42857142857142855,0.0,1.0,0.0,0
156,209726,CAILabs,1,0.4230769230769231,1.0,1.0,0.0,0
157,214978,Calixar,1,0.45454545454545453,0.0,1.0,0.0,0
158,890785,CallDesk,0,0.05,0.0,0.0,0.0,0
159,894830,Cardiawave,0,0.32142857142857145,1.0,0.0,0.0,0
160,91590,CardioLogs,1,0.3076923076923077,0.0,1.0,2.0,0
161,1742805,Cartesiam,0,0.5333333333333333,0.0,0.0,0.0,0
162,883577,Carthera,0,0.2,0.0,0.0,0.0,0
163,1478349,Case Law Analytics,0,0.42857142857142855,1.0,0.0,0.0,0
164,894832,Celescreen,0,0.3333333333333333,0.0,0.0,1.0,0
165,1834791,CELL-EASY,1,0.7272727272727273,0.0,2.0,0.0,0
166,892999,Cellectis,0,,,,,1
167,1811723,Celloz,0,0.3333333333333333,0.0,0.0,0.0,0
168,5741,Cinequant,0,,,,,1
169,1742717,Cintoo,0,0.2222222222222222,0.0,0.0,0.0,0
170,1466670,Cliris,0,0.15789473684210525,0.0,0.0,0.0,0
171,152475,ClosyCom,0,0.0,0.0,0.0,0.0,0
172,1660272,Copeeks,1,0.375,0.0,1.0,0.0,0
173,893908,Cornis,1,0.5454545454545454,0.0,2.0,2.0,0
174,1742804,CorWave,0,,,,,1
175,1482002,Cosmian,0,0.2857142857142857,0.0,0.0,2.0,0
176,882362,Craft AI,0,0.375,0.0,0.0,0.0,0
177,892057,CryoCapCell,1,0.5,0.0,1.0,1.0,0
178,246726,CybelAngel,1,0.3148148148148148,0.0,0.0,0.0,0
179,1478145,CybeleTech,1,0.5,0.0,0.0,0.0,0
180,1671934,Cyber-Detect,0,0.0,0.0,0.0,0.0,0
181,1660280,Cysalys,0,,,,,1
182,1447840,DAMAVAN IMAGING,0,0.4,0.0,0.0,0.0,0
183,891522,Datadome,0,0.30434782608695654,0.0,0.0,0.0,0
184,1743249,DATEXIM,1,0.2857142857142857,0.0,1.0,0.0,0
185,1660287,DAUMET,0,0.3333333333333333,0.0,0.0,1.0,0
186,871271,Dawex,0,0.1346153846153846,0.0,0.0,1.0,0
187,75147,Deepomatic,1,0.2777777777777778,0.0,2.0,2.0,0
188,922504,DeepOR,0,0.125,0.0,0.0,0.0,0
189,1481313,Defymed,1,0.25,1.0,1.0,0.0,0
190,867641,Delair,0,0.3333333333333333,0.0,0.0,0.0,0
191,1817001,Delled,0,0.75,0.0,0.0,0.0,0
192,1758016,DeltaBlock,0,,,,,1
193,1768811,Demeta,1,0.391304347826087,0.0,0.0,0.0,0
194,969520,Depixus,1,0.6666666666666666,0.0,0.0,0.0,0
195,898878,Picoseq,1,0.6666666666666666,0.0,0.0,0.0,0
196,30708,Devialet,0,,,,,1
197,924529,Diabeloop,1,0.4375,0.0,0.0,0.0,0
198,1477530,Diafir,1,0.8333333333333334,0.0,1.0,0.0,0
199,1760854,Diamidex,1,0.4166666666666667,1.0,0.0,0.0,0
200,898779,Diamlite,0,0.0,0.0,0.0,0.0,0
201,1817344,Dianosic,1,0.3333333333333333,0.0,0.0,0.0,0
202,883351,Digeiz,0,0.16666666666666666,0.0,0.0,2.0,0
203,1482961,Dilepix,0,0.3333333333333333,1.0,0.0,1.0,0
204,1856151,DiogenX,0,,,,,1
205,79761,DocTrackr,0,,,,,1
206,219699,DreamQuark,1,0.30303030303030304,0.0,0.0,0.0,0
207,175336,Dreem,1,0.2857142857142857,0.0,2.0,1.0,0
208,973446,Dynacure,1,0.625,0.0,1.0,0.0,0
209,887072,Earthcube,1,0.46835443037974683,0.0,1.0,1.0,0
210,887078,ECHY,0,0.0,0.0,0.0,0.0,0
211,107881,Eco-adapt,0,0.5625,0.0,0.0,0.0,0
212,684226,Ecoat,0,0.4117647058823529,0.0,0.0,0.0,0
213,883352,Elichens,1,0.53125,0.0,1.0,0.0,0
214,176402,Elistair,0,0.34375,0.0,0.0,0.0,0
215,891149,CellProthera,0,0.3333333333333333,0.0,0.0,0.0,0
216,894840,Elum Energy,0,0.2631578947368421,0.0,0.0,0.0,0
217,1757625,Elvesys,1,0.5135135135135135,0.0,2.0,0.0,0
218,1482445,Elyssamed,0,0.0,0.0,0.0,0.0,0
219,1660326,Embodme,1,0.5,0.0,1.0,1.0,0
220,1681973,Enancio,0,0.0,0.0,0.0,0.0,0
221,1671955,Encefa,1,0.6,1.0,1.0,2.0,0
222,912521,Endodiag,1,0.47058823529411764,0.0,1.0,0.0,0
223,865638,EnerBee,0,0.42857142857142855,0.0,0.0,0.0,0
224,79945,Energiency,0,0.1875,0.0,0.0,0.0,0
225,1477390,Enhancia,0,0.4,0.0,0.0,0.0,0
226,870800,Enobraq,0,0.7272727272727273,0.0,0.0,0.0,0
227,1480957,Enyx,0,0.42857142857142855,0.0,0.0,0.0,0
228,910929,E-Odyn,0,0.4,0.0,0.0,0.0,0
229,1747861,Eomys,0,,,,,1
230,969581,E-PHY-SCIENCE,1,0.42857142857142855,0.0,1.0,1.0,0
231,934437,Ergosup,0,0.375,0.0,0.0,0.0,0
232,894843,Erypharm,1,0.5555555555555556,0.0,1.0,1.0,0
233,1481009,Eshard,1,0.47619047619047616,0.0,2.0,2.0,0
234,1845173,ETISENSE SAS,1,0.5,1.0,1.0,1.0,0
235,1479403,Euveka,0,0.2,0.0,0.0,0.0,0
236,1477864,EVaderis,1,1.0,0.0,1.0,0.0,0
237,1660341,ExactCure,1,0.4782608695652174,0.0,3.0,1.0,0
238,1483348,Exagan,0,0.6666666666666666,2.0,0.0,0.0,0
239,972533,Nextbiotix,0,0.6666666666666666,2.0,0.0,0.0,0
240,1831990,Exeliom Biosciences,0,0.6666666666666666,2.0,0.0,0.0,0
241,1447876,Exotrail,1,0.6571428571428571,0.0,1.0,0.0,0
242,926513,Expliseat,1,0.3076923076923077,0.0,0.0,0.0,0
243,949071,Expressivee,0,0.35714285714285715,2.0,0.0,0.0,0
244,1763080,Extralab,1,1.0,0.0,1.0,0.0,0
245,1916899,Nosoft,0,0.0,0.0,0.0,0.0,0
246,1832865,E-zyvec,0,0.45454545454545453,0.0,0.0,0.0,0
247,1478533,Fair&Smart,0,0.3,1.0,0.0,0.0,0
248,1763085,Fairbrics,1,0.8333333333333334,1.0,2.0,2.0,0
249,1683450,Febus Optics,1,0.5263157894736842,0.0,1.0,0.0,0
250,1478456,Feroscan,1,0.3333333333333333,0.0,0.0,0.0,0
251,971808,Ffly4u,0,0.21428571428571427,0.0,0.0,0.0,0
252,1748070,Fi2Med,0,,,,,1
253,1483439,FiberMetrix,1,0.8333333333333334,1.0,1.0,0.0,0
254,15150,FittingBox,0,0.16049382716049382,0.0,0.0,0.0,0
255,894847,Fluidion,1,0.6666666666666666,0.0,1.0,0.0,0
256,1248581,Foodvisor,0,0.2222222222222222,0.0,0.0,0.0,0
257,945287,ForCity,0,0.2727272727272727,0.0,0.0,0.0,0
258,1742642,Frecnsys,0,0.45454545454545453,0.0,0.0,0.0,0
259,1482166,Freemens SAS,0,0.5714285714285714,0.0,0.0,0.0,0
260,223272,Genel,0,,,,,1
261,1464703,Genochem,0,,,,,1
262,1448018,Genoskin,1,0.4090909090909091,1.0,1.0,1.0,0
263,864349,Geocorail,0,0.15384615384615385,0.0,0.0,0.0,0
264,1832500,Geoflex,0,0.5,0.0,0.0,0.0,0
265,1801374,GeoTwin,0,,,,,1
266,1835303,GlioCure,0,0.6,0.0,0.0,0.0,0
267,1248583,Global Sensing Technologies,0,,,,,1
268,970186,GLOphotonics,0,0.8,0.0,0.0,0.0,0
269,1479591,Orphan Europe SARL,0,,,,,1
270,1742415,GRAPHEAL,1,0.3333333333333333,1.0,1.0,0.0,0
271,1763210,Green Impulse,0,0.5,0.0,0.0,0.0,0
272,949075,Greenerwave,1,0.6666666666666666,1.0,1.0,0.0,0
273,922801,Greentropism,1,0.6923076923076923,0.0,1.0,1.0,0
274,919643,Gwagenn,0,0.0,0.0,0.0,0.0,0
275,934620,HalioDx,1,,,,,1
276,1682128,Hephaistos-Pharma,1,0.42857142857142855,0.0,0.0,0.0,0
277,882341,Heuritech,1,0.2909090909090909,0.0,2.0,3.0,0
278,962211,HiFiBiO Therapeutics,1,0.7241379310344828,0.0,1.0,0.0,0
279,1248590,HINS,0,0.6666666666666666,0.0,0.0,0.0,0
280,891407,HOOMANO,0,0.2857142857142857,0.0,0.0,0.0,0
281,878017,Horama,0,0.16666666666666666,0.0,0.0,0.0,0
282,1481096,Hprobe,1,0.5,1.0,1.0,1.0,0
283,1749384,Hypra,0,0.0,0.0,0.0,0.0,0
284,898923,HySiLabs,0,0.3333333333333333,0.0,0.0,1.0,0
285,1479274,Iconeus,1,0.5454545454545454,0.0,0.0,0.0,0
286,907124,lex.ec,1,0.24,0.0,2.0,2.0,0
287,1617244,Igyxos,1,0.7142857142857143,0.0,2.0,0.0,0
288,1479740,Iktos,1,0.6216216216216216,0.0,2.0,3.0,0
289,1742471,IMEAN,0,,,,,1
290,1845176,Imescia,1,0.5714285714285714,2.0,2.0,1.0,0
291,970334,ImmuSmol SAS (traded as Explicyte Immuno-Oncology),0,0.6666666666666666,0.0,0.0,0.0,0
292,1763088,Imvitro,1,0.6,0.0,0.0,0.0,0
293,1463646,In'Air Solutions,0,,,,,1
294,1617246,Inalve,1,0.6428571428571429,2.0,2.0,0.0,0
295,1863012,InHeart,1,0.26666666666666666,1.0,1.0,1.0,0
296,1483767,INNOSEA,0,0.9047619047619048,1.0,0.0,0.0,0
297,1570451,INOREVIA,1,0.6111111111111112,0.0,1.0,2.0,0
298,236178,Inotrem,1,0.6111111111111112,0.0,3.0,0.0,0
299,1683359,Inovactis,0,1.0,1.0,0.0,0.0,0
300,192300,Inoviem Scientific,1,0.4444444444444444,0.0,1.0,1.0,0
301,970399,InSimo,1,0.4782608695652174,1.0,1.0,0.0,0
302,910027,Inventiva Pharma,0,0.5217391304347826,0.0,0.0,0.0,0
303,1678719,IoTerop,1,0.4444444444444444,0.0,0.0,0.0,0
304,1483405,IRLYNX,0,0.6666666666666666,0.0,0.0,0.0,0
305,908267,I-Sep,0,0.2727272727272727,0.0,0.0,0.0,0
306,29346,iSketchnote,1,0.21052631578947367,1.0,0.0,0.0,0
307,29517,ISORG,1,0.6101694915254238,0.0,0.0,0.0,0
308,1660444,ISYBOT,0,0.6666666666666666,1.0,0.0,0.0,0
309,915046,I-Ten,0,0.5294117647058824,0.0,0.0,0.0,0
310,871265,Ixaltis,0,,,,,1
311,1478922,Kamax,1,0.6666666666666666,0.0,1.0,0.0,0
312,1662621,Kapsera.com,1,0.7333333333333333,0.0,1.0,1.0,0
313,890969,Kayrros,1,0.5208333333333334,0.0,0.0,0.0,0
314,867275,Kemwatt,1,0.3333333333333333,0.0,0.0,0.0,0
315,1480877,Keranova,1,0.5757575757575758,0.0,1.0,1.0,0
316,1663008,Kesitys,0,,,,,1
317,1660465,Kineis,0,0.25,0.0,0.0,0.0,0
318,1682126,Kinnov Therapeutics,0,0.0,0.0,0.0,0.0,0
319,894863,Klearia,1,0.8181818181818182,1.0,3.0,1.0,0
320,1483759,Krono-Safe,0,0.34,0.0,0.0,0.0,0
321,1464697,In’Oya,0,0.0,0.0,0.0,0.0,0
322,912505,Lactips,1,0.32727272727272727,0.0,1.0,1.0,0
323,926521,Lalilo,1,0.18518518518518517,0.0,0.0,0.0,0
324,915048,Lamark,0,,,,,1
325,1249185,Lancey,1,0.4642857142857143,1.0,1.0,0.0,0
326,30278,Ledger,0,,,,,1
327,964378,Levels3D,0,0.0,0.0,0.0,0.0,0
328,1248605,Lexistems,1,0.5714285714285714,0.0,0.0,0.0,0
329,882321,LightOn,1,0.75,0.0,1.0,1.0,0
330,917509,Limatech,0,0.2857142857142857,0.0,0.0,0.0,0
331,957469,LimFlow,0,0.2857142857142857,0.0,0.0,0.0,0
332,901205,LKSpatialist,0,0.2727272727272727,0.0,0.0,0.0,0
333,1480531,Logpickr,0,0.375,0.0,0.0,0.0,0
334,933406,Lsee / innovation,1,0.5,1.0,1.0,0.0,0
335,1682220,Lucine,1,0.1875,0.0,1.0,1.0,0
336,1663020,Lumedix,1,0.5555555555555556,0.0,1.0,2.0,0
337,1478739,LXRepair,1,0.3333333333333333,0.0,0.0,0.0,0
338,1248607,Lybero,0,0.125,0.0,0.0,0.0,0
339,894866,Lytid,1,0.5714285714285714,0.0,1.0,0.0,0
340,1480007,MaaT Pharma,1,0.3,0.0,0.0,1.0,0
341,1736364,MAbSilico,0,,,,,1
342,1835897,MagIA Diagnostic,1,0.6,2.0,2.0,1.0,0
343,1835920,MAPPEM Geophysics,1,0.5,1.0,1.0,0.0,0
344,1863438,MastOR,0,0.0,0.0,0.0,0.0,0
345,1660509,MATERR'UP,1,0.25,0.0,1.0,1.0,0
346,884528,Mathym,1,0.3,0.0,0.0,0.0,0
347,4347,McPhy Energy,0,0.3333333333333333,0.0,0.0,0.0,0
348,894049,Medappcare,0,,,,,1
349,868578,MedDay,0,0.32142857142857145,0.0,0.0,0.0,0
350,1453384,MedinCell,1,0.4527027027027027,1.0,0.0,0.0,0
351,1534204,Meersens,0,0.35714285714285715,0.0,0.0,0.0,0
352,916310,M2i Life Sciences,0,0.3150684931506849,0.0,0.0,0.0,0
353,1458386,Metron,1,0.3176470588235294,0.0,0.0,0.0,0
354,918221,Microbs,0,0.7777777777777778,0.0,0.0,0.0,0
355,879190,MilliDrop,0,,,,,1
356,1248609,Mipsology,1,0.4838709677419355,0.0,1.0,0.0,0
357,1470706,MirSense,1,0.5,0.0,1.0,0.0,0
358,926525,Mistic,1,0.8,0.0,0.0,0.0,0
359,1533567,Miuros,1,0.19047619047619047,0.0,1.0,0.0,0
360,1797090,Mob-Energy,1,0.4,0.0,0.0,0.0,0
361,1749247,Molsid,1,0.5,0.0,1.0,0.0,0
362,1836044,Moovency,1,0.21052631578947367,0.0,1.0,1.0,0
363,1448086,MORPHOSENSE,1,0.29411764705882354,2.0,1.0,0.0,0
364,1768788,MT-act,1,0.6666666666666666,2.0,2.0,2.0,0
365,16327,Multiposting,0,,,,,1
366,1470670,Muquans,1,0.782608695652174,0.0,1.0,0.0,0
367,894872,My brain,1,0.36,0.0,0.0,0.0,0
368,1746661,Mycophyto,1,0.5555555555555556,1.0,0.0,1.0,0
369,1748054,Myenterix,0,,,,,1
370,17943,MyoPowers Medical Technologies,0,0.4,0.0,0.0,0.0,0
371,80475,Naïo Technologies,1,0.3283582089552239,0.0,1.0,1.0,0
372,1843114,Nanogen Pharmaceutical Biotechnology,0,,,,,1
373,1763005,Navee,0,0.14285714285714285,0.0,0.0,2.0,0
374,865309,Navya,0,,,,,1
375,1742391,Neoplants,0,0.7857142857142857,0.0,0.0,0.0,0
376,1743410,NeoVirTech,0,,,,,1
377,1683502,Neta Tech,0,0.3333333333333333,0.0,0.0,0.0,0
378,1816048,NETRI,0,,,,,1
379,894875,Neuradom,0,0.14285714285714285,0.0,0.0,0.0,0
380,926526,Neurallys,0,0.45454545454545453,0.0,0.0,0.0,0
381,1891277,Neurophoenix,0,0.4,0.0,0.0,0.0,0
382,1458342,Nextmind,1,0.5294117647058824,1.0,1.0,1.0,0
383,1248616,NEXXAI,0,,,,,1
384,970844,Novadiscovery,1,0.35,0.0,1.0,1.0,0
385,894877,Novae,1,0.75,0.0,1.0,0.0,0
386,1448001,NovaGray,0,0.5,0.0,0.0,0.0,0
387,1743632,NukkAI,0,0.5555555555555556,0.0,0.0,0.0,0
388,1678088,Nutri'Earth,0,,,,,1
389,1755907,Nyctale,0,0.6,0.0,0.0,1.0,0
390,1660567,OLENERGIES,0,0.36363636363636365,0.0,0.0,0.0,0
391,1207707,Olikrom,1,0.47368421052631576,1.0,1.0,0.0,0
392,1891278,Olvid,0,0.3333333333333333,0.0,0.0,0.0,0
393,973456,Onhys,1,0.2857142857142857,0.0,1.0,0.0,0
394,1765928,Orixha,1,0.6666666666666666,0.0,1.0,1.0,0
395,1836255,Orok,0,0.2857142857142857,0.0,0.0,0.0,0
396,894885,Orosound,0,0.3333333333333333,0.0,0.0,0.0,0
397,973448,Osivax,0,0.2608695652173913,0.0,0.0,0.0,0
398,1766929,Outsight,0,0.4074074074074074,0.0,0.0,0.0,0
399,892125,Owkin,1,0.3979591836734694,0.0,0.0,0.0,0
400,894886,Oxiproteomics sas,0,0.5,0.0,0.0,0.0,0
401,1685632,Pasqal,1,0.5333333333333333,0.0,2.0,2.0,0
402,929369,Pep-Therapy,0,0.25,0.0,0.0,0.0,0
403,904236,Peptimimesis,0,0.5,1.0,0.0,0.0,0
404,970973,Percipio Robotics S.A.,1,0.7,0.0,0.0,0.0,0
405,894887,Percko,0,0.15,0.0,0.0,0.0,0
406,1470794,Phenocell,1,0.7142857142857143,1.0,1.0,0.0,0
407,1824723,Phost’in,0,0.4,0.0,0.0,0.0,0
408,1478497,Pili,1,0.625,0.0,1.0,2.0,0
409,1248623,Pixmap,0,,,,,1
410,892048,Pixyl,1,0.6,0.0,1.0,0.0,0
411,870355,PKparis,0,0.0,0.0,0.0,0.0,0
412,1718532,Plasmabiotics,0,,,,,1
413,881334,Poietis,1,0.5,0.0,0.0,0.0,0
414,971026,Polygon Physics SAS,0,0.6666666666666666,0.0,0.0,0.0,0
415,213425,Poxel,1,0.21428571428571427,0.0,2.0,1.0,0
416,1716372,PRAGMA Therapeutics,1,0.5,0.0,1.0,1.0,0
417,80547,Precogs,0,0.2222222222222222,0.0,0.0,0.0,0
418,1660610,Predisurge,0,,,,,1
419,928234,Prevision IO,0,,,,,1
420,26507,Primo1D,0,0.16666666666666666,0.0,0.0,0.0,0
421,1617050,ProGeLife,1,0.45454545454545453,1.0,0.0,2.0,0
422,884438,Prophesee,1,0.5333333333333333,0.0,1.0,0.0,0
423,1742416,QantEv,0,,,,,1
424,79368,Qapa,0,0.07563025210084033,0.0,0.0,1.0,0
425,1801336,Qfluidics,1,1.0,1.0,3.0,0.0,0
426,1447904,QUANDELA,1,0.7272727272727273,1.0,2.0,0.0,0
427,1248627,Quantmetry,1,0.4609375,0.0,0.0,0.0,0
428,149076,Qucit,1,0.5,0.0,1.0,0.0,0
429,1792416,Quortex,1,0.47368421052631576,0.0,1.0,0.0,0
430,25150,Qwant,1,0.22988505747126436,0.0,1.0,0.0,0
431,894891,Qynapse,1,0.5384615384615384,0.0,0.0,0.0,0
432,1836503,RealityTech,0,,,,,1
433,894117,Redtechnologies,0,0.7,0.0,0.0,0.0,0
434,866139,Regaind,0,0.0,0.0,0.0,0.0,0
435,899850,Regulaxis,0,0.375,0.0,0.0,0.0,0
436,882318,Riminder,0,0.3333333333333333,0.0,0.0,0.0,0
437,964376,Rubix SI,1,0.28125,0.0,1.0,0.0,0
438,214127,Genfit,0,,,,,1
439,954481,SafeHeal,1,0.25,0.0,1.0,0.0,0
440,894128,Santech,0,,,,,1
441,1742618,SCALINX,1,0.6046511627906976,0.0,1.0,0.0,0
442,4446,Scality,0,,,,,1
443,1817217,Scanae,0,0.6,0.0,0.0,0.0,0
444,1480786,Script&Go,0,0.23809523809523808,0.0,0.0,0.0,0
445,889727,SeaBubbles,0,0.1,0.0,0.0,1.0,0
446,1483152,Secure-IC,1,0.4339622641509434,0.0,0.0,0.0,0
447,1683486,Seekyo Therapeutics,1,0.6666666666666666,0.0,0.0,0.0,0
448,1892459,Semeia,0,0.3333333333333333,0.0,0.0,0.0,0
449,235434,Sensewaves,1,0.6666666666666666,0.0,1.0,0.0,0
450,918323,Sensome,1,0.47619047619047616,1.0,1.0,1.0,0
451,865850,Sentryo,0,0.45454545454545453,0.0,0.0,0.0,0
452,1447949,SEPARATIVE,1,0.5454545454545454,0.0,1.0,0.0,0
453,1618472,SeqOne,1,0.375,2.0,2.0,1.0,0
454,1921970,Sequanta,0,,,,,1
455,1481072,Sereema,0,,,,,1
456,922296,SESAMm,1,0.3488372093023256,0.0,0.0,1.0,0
457,106109,ShareMySpace,0,,,,,1
458,1450040,Silltec,1,0.3333333333333333,0.0,0.0,0.0,0
459,1481199,Sim&Cure,1,0.75,2.0,2.0,2.0,0
460,1534552,SiS-id,0,0.15384615384615385,0.0,0.0,0.0,0
461,1874723,Skilder,0,0.3333333333333333,0.0,0.0,0.0,0
462,1750844,Skopai,1,0.35294117647058826,0.0,1.0,0.0,0
463,1481080,SmartPixels,0,0.11764705882352941,0.0,0.0,0.0,0
464,74590,Snips,1,0.125,0.0,1.0,0.0,0
465,1479773,Soitec,0,,,,,1
466,1684438,Solean,0,0.0,0.0,0.0,0.0,0
467,918287,SparingVision,1,0.26666666666666666,0.0,0.0,1.0,0
468,869595,Sqreen,0,0.20930232558139536,0.0,0.0,2.0,0
469,1742405,SquareMind,1,0.2857142857142857,0.0,0.0,0.0,0
470,1684449,SteadySun,0,0.55,1.0,0.0,0.0,0
471,894902,Step pharma,1,0.5,0.0,2.0,0.0,0
472,951199,Stimunity,0,0.3333333333333333,0.0,0.0,0.0,0
473,1483033,Strains,0,0.3333333333333333,0.0,0.0,0.0,0
474,1564387,Sublimed,1,0.2857142857142857,0.0,1.0,0.0,0
475,1458548,Volta Medical,0,0.5416666666666666,0.0,0.0,0.0,0
476,1468106,SurfactGreen,0,0.45454545454545453,0.0,0.0,0.0,0
477,1249189,Sylfen,1,0.4166666666666667,2.0,1.0,1.0,0
478,884336,syndivia,1,0.75,0.0,2.0,2.0,0
479,173208,Synthelis,0,0.0,0.0,0.0,0.0,0
480,892803,SYOS,1,0.5555555555555556,0.0,1.0,1.0,0
481,1480664,Syrlinks,0,0.43037974683544306,0.0,0.0,0.0,0
482,868952,TargEDys,1,0.3333333333333333,0.0,1.0,1.0,0
483,1787881,Databerries,0,,,,,1
484,918101,Hoppen,0,0.15,0.0,0.0,0.0,0
485,232627,TellMePlus,0,0.2222222222222222,0.0,0.0,0.0,0
486,918106,Testwe,0,0.21052631578947367,0.0,0.0,0.0,0
487,394802,Therachon,0,0.6666666666666666,0.0,0.0,0.0,0
488,927322,Theranexus,1,0.42857142857142855,2.0,1.0,1.0,0
489,1768769,THERAPANACEA,1,0.6451612903225806,0.0,0.0,0.0,0
490,863706,Therapixel,1,0.52,1.0,2.0,2.0,0
491,894907,ThrustMe,1,0.7368421052631579,1.0,2.0,2.0,0
492,1453123,Tiamat Energy,0,0.6363636363636364,0.0,0.0,0.0,0
493,131666,Tissium,0,0.4745762711864407,0.0,0.0,0.0,0
494,1861947,Tissue Aegis,1,0.4,1.0,1.0,0.0,0
495,1748065,Tongue Lab,0,,,,,1
496,1248647,Traaser,1,0.4,1.0,2.0,0.0,0
497,142951,Tradelab,0,,,,,1
498,1811899,TransChain,1,0.13333333333333333,0.0,0.0,1.0,0
499,971488,TransCure bioServices SAS,1,0.4,0.0,0.0,0.0,0
500,863452,Traxens,1,0.32727272727272727,0.0,0.0,0.0,0
501,1657821,TreeFrog Therapeutics,1,0.6363636363636364,0.0,2.0,0.0,0
502,1877911,Tridimeo,1,0.14285714285714285,1.0,1.0,0.0,0
503,903886,Trustinsoft,1,0.36363636363636365,0.0,2.0,1.0,0
504,894908,Tryon,0,,,,,1
505,957900,Uavia,0,0.42857142857142855,0.0,0.0,0.0,0
506,20397,Ubleam,0,0.058823529411764705,0.0,0.0,0.0,0
507,1891276,Ultimetas,0,0.5,0.0,0.0,0.0,0
508,1618873,Unistellar,0,,,,,1
509,1460713,Unseenlabs,0,0.2727272727272727,0.0,0.0,0.0,0
510,1756502,UpStride,1,0.5833333333333334,1.0,1.0,1.0,0
511,886361,Uromems,1,0.4827586206896552,0.0,2.0,0.0,0
512,871270,Valbiotis,1,0.4666666666666667,1.0,3.0,1.0,0
513,1477446,Valoneo,0,0.0,0.0,0.0,0.0,0
514,923458,Vaxinano,1,0.2857142857142857,1.0,0.0,0.0,0
515,973512,Veesion,0,0.21052631578947367,0.0,0.0,0.0,0
516,894815,Videolabs,0,0.0,0.0,0.0,0.0,0
517,915293,VitaDX Europe,1,0.5263157894736842,1.0,0.0,0.0,0
518,1248651,Vivoka,0,0.13636363636363635,0.0,0.0,0.0,0
519,917752,Voxaya,0,,,,,1
520,1742950,VR2Planets,1,1.0,1.0,1.0,0.0,0
521,1796263,Vulkam,1,0.6666666666666666,0.0,2.0,0.0,0
522,244261,Captain Contrat,0,0.0,0.0,0.0,0.0,0
523,892145,Walnut Algorythm,0,0.25,0.0,0.0,0.0,0
524,864286,Wandercraft,1,0.4375,0.0,0.0,0.0,0
525,1748313,Watoo,1,0.3333333333333333,0.0,1.0,1.0,0
526,951941,Wavely,1,0.47619047619047616,1.0,0.0,0.0,0
527,906875,Waykonect,0,0.043478260869565216,0.0,0.0,0.0,0
528,959918,Webdrone,1,0.2608695652173913,0.0,0.0,0.0,0
529,148993,Weenat,1,0.2,0.0,0.0,0.0,0
530,1834213,Weeroc,0,0.8,1.0,0.0,0.0,0
531,899247,Whylots,0,0.6666666666666666,0.0,0.0,0.0,0
532,958374,Wi6labs,0,0.42857142857142855,0.0,0.0,0.0,0
533,1837160,WiseBIM,1,0.36363636363636365,0.0,1.0,1.0,0
534,3388,WiThings,0,,,,,1
535,968670,Wuha,0,,,,,1
536,1683410,Wupatec,1,0.8888888888888888,0.0,1.0,0.0,0
537,899753,Xenothera,0,0.4,0.0,0.0,0.0,0
538,1742705,XSun,0,0.5555555555555556,0.0,0.0,0.0,0
539,923519,Xtramile,0,0.26666666666666666,0.0,0.0,0.0,0
540,1248656,Xtrem Logic,1,0.5,1.0,1.0,0.0,0
541,198955,Yealth,0,0.0,0.0,0.0,0.0,0
542,73598,Ynsect,0,0.2803738317757009,0.0,0.0,1.0,0
543,1748291,Yogoko,1,0.5,0.0,1.0,0.0,0
544,79521,Youboox,0,0.11904761904761904,0.0,0.0,1.0,0
545,983920,Z3DLAB,1,0.6666666666666666,0.0,0.0,1.0,0
546,892715,Zelros,0,0.275,0.0,0.0,0.0,0
547,79546,Safran,0,,,,,1
548,213948,DBV Technologies,0,,,,,1
549,20852,SIGFOX,0,,,,,1
550,1484181,Stilla Technologies,1,0.4626865671641791,0.0,2.0,1.0,0
551,908268,Imcheck Therapeutics,1,0.6129032258064516,0.0,0.0,0.0,0
552,34258,Shift Technology,0,,,,,1
553,73370,Sequans Communications,1,,,,,1
554,901183,Mauna Kea Technologies,1,0.37681159420289856,0.0,1.0,1.0,0
555,79363,Kalray,1,0.32608695652173914,0.0,2.0,0.0,0
556,907156,Vivet Therapeutics,1,0.17647058823529413,0.0,1.0,0.0,0
557,910589,Robocath,1,0.44680851063829785,0.0,1.0,0.0,0
558,214014,DOMAIN Therapeutics,1,0.5614035087719298,1.0,1.0,0.0,0
559,899711,Pdc*line pharma,1,0.875,0.0,1.0,1.0,0
560,13122,Enterome,1,0.46,0.0,1.0,0.0,0
561,968576,Hyperlex,0,0.2,0.0,0.0,1.0,0
562,213056,Nanobiotix,1,0.29347826086956524,1.0,1.0,0.0,0
563,894818,Acticor biotech,1,0.4,0.0,2.0,1.0,0
564,864392,Teemo,0,0.08695652173913043,0.0,0.0,0.0,0
565,894833,Corwave,1,0.6842105263157895,0.0,0.0,0.0,0
566,74165,GenSight Biologics,1,0.22857142857142856,0.0,0.0,0.0,0
567,945678,Another Brain,1,0.5740740740740741,0.0,0.0,0.0,0
568,1659880,Incepto Medical,0,,,,,1
569,215312,Eyevensys,1,0.6363636363636364,0.0,0.0,0.0,0
570,928616,Inato,1,0.14814814814814814,0.0,0.0,0.0,0
571,1660604,PKvitality,0,0.46153846153846156,0.0,0.0,0.0,0
572,1518870,Innov'ATM,0,0.4117647058823529,0.0,0.0,0.0,0
573,1742553,NH TherAguix,1,0.4,0.0,0.0,1.0,0
574,1893232,Pixyl,0,,,,,1
575,893013,Nenuphar-wind,0,0.375,0.0,0.0,0.0,0
576,964594,TRiCares,0,0.0,0.0,0.0,0.0,0
577,1741345,Ermium Therapeutics,1,0.6,1.0,1.0,1.0,0
578,1792486,NEOBRAIN,0,0.13333333333333333,0.0,0.0,0.0,0
579,1458347,Parimmune.com,1,0.5,0.0,1.0,0.0,0
580,1842002,Alice&Bob,1,0.6666666666666666,0.0,2.0,0.0,0
581,1483187,Go Touch VR,0,0.08333333333333333,0.0,0.0,0.0,0
582,1836121,NANOZ,0,0.375,0.0,0.0,0.0,0
583,1891378,Hera - Mi,1,0.36363636363636365,0.0,1.0,0.0,0
584,1924305,Uniris,0,,,,,1
585,1767968,BONE 3D,1,0.29411764705882354,0.0,0.0,0.0,0
586,1758003,Ominilabs,0,,,,,1
587,1468030,Microfactory SAS,1,0.6,0.0,1.0,1.0,0
588,178134,Plume Labs,0,0.3333333333333333,0.0,0.0,0.0,0
589,123212,Pixium Vision,1,0.5172413793103449,0.0,0.0,0.0,0
590,32660,Actility,0,0.3865546218487395,0.0,0.0,0.0,0
591,212924,Erytech Pharma,0,,,,,1
592,899543,ENYO Pharma,1,0.39285714285714285,1.0,2.0,0.0,0
593,105143,Aryballe Technologies,1,0.6666666666666666,0.0,2.0,0.0,0
594,899235,Greenwaves Technologies,0,0.41379310344827586,0.0,0.0,0.0,0
595,1861981,Affluent Medical,0,,,,,1
596,1726338,Da Volterra,0,0.35294117647058826,0.0,0.0,0.0,0
597,894888,Eligo,1,0.6470588235294118,0.0,1.0,1.0,0
598,674072,Scipio bioscience,1,0.5416666666666666,0.0,2.0,0.0,0
599,964252,GrAI Matter Labs,0,0.38461538461538464,0.0,0.0,1.0,0
600,927087,Pollen Metrology,1,0.5454545454545454,1.0,2.0,1.0,0
601,924782,Upmem,0,0.26666666666666666,0.0,0.0,0.0,0
602,1451471,Advicenne SA,1,0.3333333333333333,0.0,1.0,0.0,0
603,1467977,ELSALYS BIOTECH,1,0.5,0.0,1.0,0.0,0
604,926482,Novacyt,0,0.0,0.0,0.0,0.0,0
605,215720,GamaMabs Pharma,0,0.4,0.0,0.0,0.0,0
606,952204,Micropep Technologies,1,0.4117647058823529,0.0,1.0,2.0,0
607,894900,Stanley Robotics,0,0.5576923076923077,0.0,0.0,0.0,0
608,1450545,Forssea Robotics,1,0.42857142857142855,0.0,0.0,0.0,0
609,915527,Cosmo Tech,1,0.30666666666666664,0.0,1.0,0.0,0
610,894836,Damae Medical,1,0.7894736842105263,0.0,0.0,0.0,0
611,924742,Scibids,1,0.42857142857142855,0.0,1.0,1.0,0
612,79872,NAWA Technologies,1,0.47368421052631576,1.0,2.0,0.0,0
613,964131,QuantCube Technology,0,,,,,1
614,1757959,Epigene Labs,1,0.25,0.0,1.0,0.0,0
615,894792,Intento Design,1,0.3076923076923077,0.0,1.0,1.0,0
616,1748062,Alma Bio Therapeutics,1,0.5,0.0,1.0,0.0,0
617,912952,Dracula Technologies,1,0.3157894736842105,1.0,1.0,1.0,0
618,904636,Vect-Horus,1,0.5294117647058824,0.0,0.0,0.0,0
619,1761809,Scintil Photonics,1,0.3333333333333333,0.0,1.0,1.0,0
620,1483887,InFlectis BioScience,1,0.7,0.0,2.0,1.0,0
621,968993,ADVANCED BIODESIGN,1,0.5384615384615384,0.0,1.0,1.0,0
622,924979,Spark Lasers,1,0.6153846153846154,0.0,1.0,0.0,0
623,1748046,Hcs Pharma,1,0.6,0.0,1.0,1.0,0
624,1481372,Axilum Robotics,1,0.8571428571428571,1.0,4.0,2.0,0
625,1763103,Whitelab Genomics,0,0.4,0.0,0.0,0.0,0
626,1448493,Carbon Waters,1,0.6363636363636364,1.0,1.0,0.0,0
627,1765269,Lattice Medical,1,0.7333333333333333,0.0,1.0,0.0,0
628,899629,MicroBrain Biotech,0,0.5,0.0,0.0,0.0,0
629,894864,Life plus,0,0.2222222222222222,0.0,0.0,0.0,0
630,1832473,CRYONOVE PHARMA,0,,,,,1
631,1811916,Luxia scientific,1,0.6666666666666666,0.0,0.0,0.0,0
632,1738965,LiMM Therapeutics,1,0.0,0.0,0.0,0.0,0
633,899523,Metafora biosystems,1,0.6,1.0,2.0,1.0,0
634,885328,Bgene Genetics,1,0.8,0.0,1.0,0.0,0
635,1767945,Aelis Farma,0,0.25,0.0,0.0,0.0,0
636,1484157,My EGGO,0,0.25,0.0,0.0,0.0,0
637,894141,Smart-impulse,1,0.52,0.0,0.0,0.0,0
638,1607078,InBrain Pharma,1,0.6666666666666666,1.0,1.0,0.0,0
639,922557,Pytheas Technology,1,0.5882352941176471,0.0,1.0,1.0,0
640,1832861,VF Bioscience,1,0.5,0.0,1.0,1.0,0
641,1660275,CryptoNext Security,0,0.4,0.0,0.0,1.0,0
642,970783,Neolys Diagnostics,0,1.0,0.0,0.0,0.0,0
643,1871073,Honing Biosciences,1,1.0,0.0,0.0,0.0,0
644,1671952,Clevexel Pharma,1,0.42857142857142855,0.0,1.0,0.0,0
645,1447878,Signia Therapeutics,1,1.0,1.0,1.0,1.0,0
646,918291,Ad Scientiam,1,0.3902439024390244,1.0,0.0,0.0,0
647,215358,Allecra Therapeutics,1,1.0,0.0,0.0,0.0,0
648,1659868,Amiral Technologies,1,0.4,0.0,1.0,1.0,0
649,1653849,ANAPIX Medical,0,0.3,0.0,0.0,0.0,0
650,1855449,AUM BIOSYNC,0,,,,,1
651,1818539,Axorus,0,,,,,1
652,1987281,Azelead,1,0.5,1.0,1.0,0.0,0
653,1832966,B Cell Design,1,0.5,0.0,1.0,0.0,0
654,1892616,Biodol Therapeutics,1,0.8333333333333334,0.0,1.0,0.0,0
655,1534537,CALYXIA,1,0.6666666666666666,1.0,1.0,0.0,0
656,1248562,Carbon Bee,1,0.4117647058823529,0.0,0.0,0.0,0
657,1816976,CASIS,1,0.21428571428571427,0.0,1.0,1.0,0
658,969375,Cherry Biotech,1,0.5333333333333333,0.0,1.0,0.0,0
659,1660267,Conscience Robotics,0,0.46153846153846156,0.0,0.0,1.0,0
660,80750,Cozy Cloud,0,0.11764705882352941,0.0,0.0,0.0,0
661,908243,Cryo Pur,1,0.2,0.0,1.0,1.0,0
662,1534431,Deep River,0,,,,,1
663,923252,DNA Script,1,0.6037735849056604,0.0,1.0,0.0,0
664,1249169,Eco-Tech Ceram,1,0.35714285714285715,1.0,1.0,1.0,0
665,1534514,EDEN MICROFLUIDICS,1,0.6363636363636364,2.0,3.0,2.0,0
666,1478971,Eel Energy,0,0.5,0.0,0.0,0.0,0
667,1742711,Eligo Bioscience,1,0.6470588235294118,0.0,1.0,1.0,0
668,969624,Elveflow,1,,,,,1
669,886347,Exotec Solutions,1,0.564935064935065,0.0,0.0,0.0,0
670,899642,First light imaging,1,0.5625,0.0,1.0,0.0,0
671,1770410,Flying Whales,1,0.375,0.0,1.0,0.0,0
672,1743539,GenePred Biotechnologies,0,,,,,1
673,890893,Geps Techno,0,0.42857142857142855,0.0,0.0,0.0,0
674,1891377,Goliver,0,,,,,1
675,1660412,Hillo,0,0.42857142857142855,0.0,0.0,0.0,0
676,1660424,Hycco,0,,,,,1
677,1282203,Insight Signals,0,,,,,1
678,1660455,JUST MINING,0,,,,,1
679,1763027,Laclaree Vision,0,0.6666666666666666,0.0,0.0,0.0,0
680,1660491,LIFY AIR,0,,,,,1
681,924717,LNC Therapeutics,1,0.4782608695652174,0.0,2.0,1.0,0
682,894865,Loma innovation,0,0.3333333333333333,1.0,0.0,1.0,0
683,1800559,Medetia Pharmaceuticals,0,,,,,1
684,1479807,Motion recall,0,,,,,1
685,1533937,Nabla,0,,,,,1
686,1660543,NANOZ,0,,,,,1
687,1660542,N√©olithe,0,0.2,0.0,0.0,0.0,0
688,1660612,ProovStation,0,0.21428571428571427,0.0,0.0,0.0,0
689,1478031,QUARKS LAB,1,0.576271186440678,0.0,1.0,0.0,0
690,965214,Quantum Surgical,0,0.4,0.0,0.0,0.0,0
691,1309397,Redberry,0,,,,,1
692,912707,Resolution spectra systems,0,0.42857142857142855,0.0,0.0,0.0,0
693,1664356,Robank Hood,0,0.0,0.0,0.0,0.0,0
694,926530,Seamless Waves,1,0.75,0.0,2.0,0.0,0
695,1684219,TRIBVN Healthcare,0,0.28,0.0,0.0,0.0,0
696,1836943,TridekOne,1,0.6666666666666666,0.0,1.0,1.0,0
697,1712627,United Biometrics,0,,,,,1
698,1478161,WiN MS,0,0.3333333333333333,0.0,0.0,0.0,0
699,1761796,Accenta,1,0.4117647058823529,0.0,1.0,0.0,0
700,899026,Actimesure,0,0.2857142857142857,0.0,0.0,0.0,0
701,1811675,Adrenalead,0,0.0,0.0,0.0,0.0,0
702,1483760,Aeraccess,0,,,,,1
703,31373,Agorize,1,0.05263157894736842,0.0,0.0,0.0,0
704,20378,Akeneo,0,,,,,1
705,877364,Alan,0,,,,,1
706,1660158,ALEPH-NETWORKS,0,0.08333333333333333,0.0,0.0,0.0,0
707,198819,Alphametry,0,,,,,1
708,1748204,Amazjob,0,,,,,1
709,926467,AmpliSIM,0,0.2,0.0,0.0,0.0,0
710,1483829,Aquassay,0,0.19047619047619047,0.0,0.0,0.0,0
711,962228,Asamgo,0,,,,,1
712,1748303,Audiospot,0,,,,,1
713,1533583,Avanseo,0,0.2857142857142857,0.0,0.0,0.0,0
714,1749122,Axibio,0,0.14285714285714285,0.0,0.0,0.0,0
715,924332,Azetone,0,0.25,0.0,0.0,0.0,0
716,901954,BELEM,0,0.16666666666666666,0.0,0.0,1.0,0
717,1662974,BioMiMetiC,1,0.5,0.0,1.0,0.0,0
718,968206,Bubblz,0,0.2857142857142857,0.0,0.0,0.0,0
719,1480729,Cleed,1,0.125,0.0,0.0,0.0,0
720,907487,comet,0,0.1111111111111111,0.0,0.0,1.0,0
721,1748129,Contentarmor,0,,,,,1
722,1483687,DATATEGY,1,0.40625,1.0,1.0,1.0,0
723,1481840,Digitemis,0,0.11363636363636363,0.0,0.0,0.0,0
724,1748030,Doc.Fr,0,,,,,1
725,1533585,Drapo,0,0.1111111111111111,0.0,0.0,0.0,0
726,891252,EasyMile,0,,,,,1
727,885074,Easyverif,0,0.0,0.0,0.0,0.0,0
728,1683492,Emundus,0,0.0,0.0,0.0,0.0,0
729,1684409,Ener-pacte,0,0.11764705882352941,0.0,0.0,0.0,0
730,1748987,Epur,0,0.16666666666666666,0.0,0.0,0.0,0
731,1447302,Equimov,0,0.0,0.0,0.0,0.0,0
732,1877117,Eventtia,0,0.0,0.0,0.0,0.0,0
733,1835159,Exolis,0,0.0,0.0,0.0,0.0,0
734,1835172,Facetts,0,0.5,0.0,0.0,0.0,0
735,1671878,Feeli,0,0.3333333333333333,0.0,0.0,0.0,0
736,172661,Ferpection,0,0.4,0.0,0.0,0.0,0
737,131480,FITLE,0,0.047619047619047616,0.0,0.0,0.0,0
738,1756419,Folhomee,0,0.1,0.0,0.0,0.0,0
739,885584,F-Reg,0,0.38461538461538464,0.0,0.0,0.0,0
740,1861935,Gangz,0,0.023809523809523808,0.0,0.0,0.0,0
741,1792245,Getpro,0,0.029411764705882353,0.0,0.0,0.0,0
742,1662959,GitGuardian,0,0.08333333333333333,0.0,0.0,0.0,0
743,1748034,Goodmix,0,0.5,0.0,0.0,0.0,0
744,1749077,Goodsid,0,,,,,1
745,892882,Guides-shopping,0,0.0,0.0,0.0,0.0,0
746,912585,Hapticmedia,0,0.22727272727272727,0.0,0.0,0.0,0
747,1480858,Heappi,0,0.09090909090909091,0.0,0.0,1.0,0
748,1511737,Homeys,0,,,,,1
749,892809,Hopfab,0,0.0625,0.0,0.0,0.0,0
750,1742840,HRmaps,0,0.0,0.0,0.0,0.0,0
751,1855454,Hubtobee,0,0.0,0.0,0.0,0.0,0
752,957748,IDECSI,0,0.1111111111111111,0.0,0.0,0.0,0
753,1742406,Ideel,0,0.2,0.0,0.0,0.0,0
754,1792251,Idomed,0,0.0,0.0,0.0,0.0,0
755,1716924,Ilek,0,0.05,0.0,0.0,0.0,0
756,869469,Influans,0,,,,,1
757,894790,Inflyter,0,0.0,0.0,0.0,0.0,0
758,1749236,Innovsante,0,,,,,1
759,1864534,INOVAYA,0,,,,,1
760,1789845,InsideBoard,0,0.13513513513513514,0.0,0.0,1.0,0
761,1482056,Itekube,0,0.5,0.0,0.0,0.0,0
762,1448477,Izicap,0,0.2361111111111111,0.0,0.0,1.0,0
763,1801785,Izilaw,0,,,,,1
764,1660451,JobyPepper,0,0.0,0.0,0.0,0.0,0
765,1747872,Jokosun,0,,,,,1
766,867128,Kawaa,1,0.09090909090909091,0.0,1.0,1.0,0
767,1480693,Kazeko,0,0.0625,0.0,0.0,0.0,0
768,1748200,Kiddizy,0,,,,,1
769,1835645,KIPLIN,0,0.21052631578947367,0.0,0.0,0.0,0
770,882476,Krank,0,0.2,0.0,0.0,1.0,0
771,1478813,Lounjee,0,0.1111111111111111,0.0,0.0,0.0,0
772,1477870,LUMI'IN,0,0.0,0.0,0.0,0.0,0
773,1662881,LysPackaging,0,0.058823529411764705,0.0,0.0,0.0,0
774,890865,mercurr,0,0.0,0.0,0.0,0.0,0
775,19318,Mipise,0,0.0,0.0,0.0,1.0,0
776,1748325,Mixdata,0,,,,,1
777,80287,Mobeye,0,0.14705882352941177,0.0,0.0,0.0,0
778,1726124,Mobistreet,0,0.0,0.0,0.0,0.0,0
779,1477043,Monemprunt.com,0,0.13333333333333333,0.0,0.0,0.0,0
780,1792365,Moneway,0,,,,,1
781,1755947,Monmentor.fr,0,,,,,1
782,958928,Moona,0,0.4444444444444444,0.0,0.0,0.0,0
783,1836114,MyTutorAbroad,0,0.0,0.0,0.0,0.0,0
784,1749284,Naker,0,0.0,0.0,0.0,0.0,0
785,888631,Newcy,0,0.18181818181818182,0.0,0.0,0.0,0
786,917748,Newheat,0,,,,,1
787,1480416,Noova,0,,,,,1
788,1683403,Novengine,0,1.0,0.0,0.0,0.0,0
789,20695,Onecub,0,0.0,0.0,0.0,0.0,0
790,894881,Openergy,0,0.2222222222222222,0.0,0.0,0.0,0
791,874211,Ouihelp,0,0.008,0.0,0.0,0.0,0
792,891146,Pandascore,0,0.13513513513513514,0.0,0.0,0.0,0
793,886232,PayCar,0,0.0,0.0,0.0,0.0,0
794,1480108,PayGenius,0,0.0,0.0,0.0,0.0,0
795,904235,Paytweak,0,0.0,0.0,0.0,0.0,0
796,1836371,Playeur.co,0,,,,,1
797,1836433,PRO-SPARE,0,,,,,1
798,1660621,Qotto,0,0.125,0.0,0.0,0.0,0
799,924741,Quantilia,0,,,,,1
800,1684458,Quantom,0,0.15,0.0,0.0,0.0,0
801,173093,Quorum,0,0.0,0.0,0.0,0.0,0
802,1836530,RESEAUPRO,0,0.0,0.0,0.0,0.0,0
803,1832864,Rolide,0,0.3333333333333333,0.0,0.0,0.0,0
804,1448149,Rool'in,0,1.0,0.0,0.0,0.0,0
805,1480932,Rougier,0,0.0,0.0,0.0,0.0,0
806,1824683,Sarus,0,0.2222222222222222,0.0,0.0,1.0,0
807,1683444,Seaturns,0,0.5,0.0,0.0,0.0,0
808,1742908,Selerys,1,0.3,0.0,0.0,0.0,0
809,909173,SellingAtHome,0,0.0,0.0,0.0,0.0,0
810,167814,Shapr,0,0.0392156862745098,0.0,0.0,3.0,0
811,1635364,Simundia,0,0.0,0.0,0.0,0.0,0
812,1483069,Skiply,0,0.14285714285714285,0.0,0.0,0.0,0
813,1248638,SoftLaw,0,0.2857142857142857,0.0,0.0,0.0,0
814,1484102,SonetSuite,0,0.0,0.0,0.0,0.0,0
815,894899,Spinergie,0,0.47368421052631576,0.0,0.0,0.0,0
816,968692,Stormize,0,1.0,0.0,0.0,0.0,0
817,870697,Swabbl,0,,,,,1
818,1846491,Synergiz,0,,,,,1
819,948972,Target2Sell,0,0.25925925925925924,0.0,0.0,0.0,0
820,912246,Teester,0,0.08333333333333333,0.0,0.0,0.0,0
821,1477667,Teqoya,0,0.125,0.0,0.0,0.0,0
822,1480402,Touchify,0,0.125,0.0,0.0,0.0,0
823,884527,Trackinsight,0,0.38461538461538464,0.0,0.0,0.0,0
824,919636,Tracktor,0,0.025,0.0,0.0,0.0,0
825,1481877,Tradefest,0,0.0,0.0,0.0,0.0,0
826,890693,TrainMe,0,0.06,0.0,0.0,0.0,0
827,1876728,TRANSPOLIS,0,,,,,1
828,1711892,Treenox,0,,,,,1
829,1712920,Vivalto Santé,0,,,,,1
830,1715756,"Aptys Pharmaceuticals SAS,",0,,,,,1
831,1710313,Co-assit,0,,,,,1
832,1722324,Openfield Technologies,0,,,,,1
833,1725528,Sloclap,0,,,,,1
834,1758915,Unaide,0,0.058823529411764705,0.0,0.0,0.0,0
835,1743493,Uneole,0,0.3333333333333333,0.0,0.0,0.0,0
836,954563,Utip,0,,,,,1
837,227608,VigiZen,0,,,,,1
838,1837034,ViJump,0,0.0,0.0,0.0,0.0,0
839,1480423,V-Motech,0,0.5172413793103449,0.0,0.0,0.0,0
840,156180,Ween,0,0.4,0.0,0.0,0.0,0
841,873606,WeeSurf,0,0.0,0.0,0.0,0.0,0
842,1480551,WeNow,0,0.0,0.0,0.0,1.0,0
843,225542,wezzoo,0,0.0,0.0,0.0,0.0,0
844,1837159,Wipoz!,0,0.0,0.0,0.0,0.0,0
845,924174,Yogosha,0,0.10714285714285714,0.0,0.0,0.0,0
846,234943,Yoopies,0,,,,,1
847,161205,Youmiam,0,0.08333333333333333,0.0,0.0,0.0,0
848,909957,YouPass,0,,,,,1
849,870960,Zenly,0,0.2112676056338028,0.0,0.0,0.0,0
850,915304,Ze-Watt,0,0.13333333333333333,0.0,0.0,0.0,0
851,1748377,Zouzoucar,0,,,,,1
852,2322,HelloFresh,0,,,,,1
853,1568647,TheFork,0,,,,,1
854,863849,Frichti,0,,,,,1
855,4452,Netatmo,1,,,,,1
856,884159,ContentSquare,0,,,,,1
857,1298469,Dental Monitoring,0,,,,,1
858,883387,Hugging Face,1,0.625,0.0,1.0,2.0,0
859,1672861,Ceva Sante Animale S.A.,0,,,,,1
860,890957,Swile (ex-Lunchr),0,,,,,1
861,882571,FoodChéri,1,0.07291666666666667,0.0,1.0,0.0,0
862,878119,Brigad,0,,,,,1
863,11620,Dataiku,0,,,,,1
864,912363,Meero,0,,,,,1
865,184352,InnovOrder,0,0.07017543859649122,0.0,0.0,0.0,0
866,867430,AB Tasty,0,,,,,1
867,155272,Sonnedix,0,0.125,0.0,0.0,0.0,0
868,1483011,Eversend,0,0.5,0.0,0.0,0.0,0
869,75070,Biom Up,1,0.34782608695652173,0.0,0.0,0.0,0
870,926155,Jenji,0,0.05714285714285714,0.0,0.0,0.0,0
871,395082,Wynd,0,,,,,1
872,1482074,Ellcie Healthy,1,0.45,0.0,0.0,0.0,0
873,916819,Ideol,0,0.46808510638297873,0.0,0.0,0.0,0
874,891512,La Belle Vie,1,0.0851063829787234,0.0,0.0,1.0,0
875,894808,Roger voice,0,0.03571428571428571,0.0,0.0,1.0,0
876,894858,Implicity,1,0.23255813953488372,0.0,1.0,0.0,0
877,874466,HostnFly,0,0.058823529411764705,0.0,0.0,0.0,0
878,925236,Cosmo Connected,0,0.13513513513513514,0.0,0.0,0.0,0
879,1478669,Clim8,1,0.16666666666666666,0.0,1.0,1.0,0
880,924272,Biosynex,0,0.14960629921259844,0.0,0.0,0.0,0
881,877793,Equisense,0,0.14285714285714285,0.0,0.0,0.0,0
882,926515,HireSweet,0,0.2222222222222222,0.0,0.0,1.0,0
883,1447568,Pricemoov,0,0.19230769230769232,0.0,0.0,0.0,0
884,934623,VSORA,1,0.2,0.0,1.0,0.0,0
885,891282,Innersense,1,0.14285714285714285,0.0,0.0,0.0,0
886,20349,OpenDataSoft,0,0.15384615384615385,0.0,0.0,0.0,0
887,931089,ForePaaS,0,0.22727272727272727,0.0,0.0,0.0,0
888,1248586,Goshaba,1,0.2,0.0,1.0,1.0,0
889,74919,Paymium,0,0.06666666666666667,0.0,0.0,1.0,0
890,1450495,Japet,0,0.5555555555555556,1.0,0.0,2.0,0
891,1671960,Wefight,0,0.25,0.0,0.0,1.0,0
892,951687,Novolyze,0,0.23809523809523808,0.0,0.0,1.0,0
893,891398,Blue Frog Robotics,0,,,,,1
894,1742688,Buddytherobot.com,0,,,,,1
895,1481638,In2Bones,0,0.26666666666666666,0.0,0.0,0.0,0
896,892030,Donecle,1,0.42857142857142855,0.0,0.0,0.0,0
897,894812,Tilkal,1,0.1111111111111111,0.0,0.0,2.0,0
898,894824,Auxivia,0,0.1875,0.0,0.0,1.0,0
899,1659889,Posos,1,0.47368421052631576,0.0,2.0,0.0,0
900,970939,OZ Biosciences SAS,1,0.6153846153846154,0.0,1.0,0.0,0
901,1747330,Meshroom VR,0,0.09090909090909091,0.0,0.0,0.0,0
902,1511659,La Fourche,0,0.08108108108108109,0.0,0.0,0.0,0
903,903242,Roofstreet,0,0.0,0.0,0.0,1.0,0
904,885404,Algama,1,0.38461538461538464,0.0,1.0,0.0,0
905,1483519,Imascap SAS,1,0.6551724137931034,0.0,1.0,0.0,0
906,1464724,In&motion,0,0.14285714285714285,0.0,0.0,0.0,0
907,1447986,Skipper NDT,1,0.5555555555555556,0.0,0.0,0.0,0
908,891415,Terabee,1,0.46875,0.0,1.0,0.0,0
909,923728,Enovap,1,0.05,0.0,1.0,2.0,0
910,974021,Amarisoft,0,0.3,0.0,0.0,0.0,0
911,1660163,ANAMNESE,0,0.07692307692307693,0.0,0.0,0.0,0
912,1249032,OnTracks,0,0.0,0.0,0.0,0.0,0
913,883038,Prêt à Pousser,0,0.14285714285714285,0.0,0.0,0.0,0
914,927184,Neomedlight,1,0.42857142857142855,0.0,0.0,0.0,0
915,894835,Cycle farms,1,0.4,0.0,0.0,0.0,0
916,973264,Enerdigit,0,0.375,0.0,0.0,0.0,0
917,863082,Hostabee,0,0.0,0.0,0.0,0.0,0
918,959416,IFollow,0,0.55,0.0,0.0,0.0,0
919,874221,Divacore,0,0.0,0.0,0.0,0.0,0
920,970154,GeNouRoB,0,0.05,0.0,0.0,0.0,0
921,146187,SynchroNext,0,0.0,0.0,0.0,0.0,0
922,1453517,Sabi Agri,0,0.3,0.0,0.0,0.0,0
923,80516,Niland,0,1.0,0.0,0.0,0.0,0
924,1481033,GYROLIFT,1,0.8181818181818182,0.0,1.0,1.0,0
925,1860226,FLOD AI,0,0.0,0.0,0.0,0.0,0
926,1836878,The WiW,0,0.0,0.0,0.0,0.0,0
927,971453,TexiSense,0,0.7142857142857143,0.0,0.0,0.0,0
928,882333,Dexstr,0,0.2222222222222222,1.0,0.0,0.0,0
929,894802,Occi,0,,,,,1
930,958083,Turbotech Industrie,0,,,,,1
931,1748072,Oniris,0,,,,,1
932,1662314,Bilberry,0,0.3333333333333333,0.0,0.0,0.0,0
933,146224,FlightWatching,0,0.0,0.0,0.0,0.0,0
934,909138,Hionos,1,0.5555555555555556,0.0,1.0,2.0,0
935,1748067,Innixim,0,,,,,1
936,151319,GOOT,0,0.0,0.0,0.0,0.0,0
937,1758305,NeuroSys,1,0.6666666666666666,0.0,0.0,0.0,0
938,1742907,Miravas,0,,,,,1
939,919638,Wyca Robotics,0,0.2222222222222222,0.0,0.0,1.0,0
940,1889309,Zéphyr Solar,0,,,,,1
941,1765271,Belovia,0,0.0,0.0,0.0,0.0,0
942,1748076,Medihandtrace,0,,,,,1
943,1480999,OneFit Medical,0,,,,,1
944,1708152,Simpulse,0,0.25,0.0,0.0,0.0,0
945,1480050,Medsenic,0,0.0,0.0,0.0,0.0,0
946,1479574,3Dvarius,0,,,,,1
947,971537,UROsphere SAS,1,0.3333333333333333,0.0,0.0,0.0,0
948,1715748,Facepoint,0,0.08333333333333333,0.0,0.0,1.0,0
949,161956,Novitact,0,,,,,1
950,1482130,Ip-Maker,0,0.0,0.0,0.0,0.0,0
951,1841528,Unibiome,0,0.0,0.0,0.0,0.0,0
952,1835034,DRONE ACT,0,0.4,0.0,0.0,0.0,0
953,1248554,Batvoice Technologies,0,0.7142857142857143,0.0,0.0,0.0,0
954,1470701,Synovo,0,,,,,1
955,1450558,Bloc in Bloc,0,0.125,0.0,0.0,1.0,0
956,1748252,Mobapi,0,,,,,1
957,1748044,Vibiosphen,0,0.0,0.0,0.0,0.0,0
958,1603654,Biocellvia,1,0.3333333333333333,1.0,1.0,0.0,0
959,1683442,Protifly,0,0.2,0.0,0.0,0.0,0
960,1757866,Konverso,0,0.3333333333333333,0.0,0.0,1.0,0
961,1835332,GreenCityZen,0,0.0,0.0,0.0,0.0,0
962,881289,Storyzy,0,0.2,0.0,0.0,1.0,0
963,1479410,Timelab SAS,0,,,,,1
964,1480161,QualyCloud,1,0.1111111111111111,0.0,1.0,0.0,0
965,1481211,Aeromapper,0,0.0,0.0,0.0,0.0,0
966,1479697,Hi-phen,1,0.75,0.0,1.0,1.0,0
967,2008,Delivery Hero,0,,,,,1
968,1974,CRITEO,0,,,,,1
969,144335,Ogury,0,,,,,1
970,34244,EASYRECRUE,0,0.1111111111111111,0.0,0.0,0.0,0
971,20039,La Ruche qui dit Oui!,0,,,,,1
972,1515254,ControlExpert,0,,,,,1
973,885971,Agricool,0,0.19672131147540983,0.0,0.0,1.0,0
974,20382,ZenChef,1,0.09433962264150944,0.0,1.0,1.0,0
975,1663042,Potager City,0,0.02531645569620253,0.0,0.0,0.0,0
976,885695,Saagie,1,0.23863636363636365,0.0,0.0,0.0,0
977,25723,LaFourchette,0,,,,,1
978,20408,tinyclues,1,0.2878787878787879,1.0,1.0,1.0,0
979,962941,Ekim,0,0.24,0.0,0.0,2.0,0
980,1482396,Coinhouse,0,0.06896551724137931,0.0,0.0,1.0,0
981,1634376,Wilov,0,0.0,0.0,0.0,0.0,0
982,883581,Doctrine,1,0.13793103448275862,0.0,1.0,2.0,0
983,872106,MiiMOSA,0,0.0975609756097561,0.0,0.0,0.0,0
984,870911,Extracadabra,0,0.02,0.0,0.0,0.0,0
985,892387,Feed.,0,0.047619047619047616,0.0,0.0,0.0,0
986,867914,Privateaser,0,0.04285714285714286,0.0,0.0,1.0,0
987,1479349,Foodles,0,0.05555555555555555,0.0,0.0,0.0,0
988,1845183,Meditect,0,0.0625,0.0,0.0,0.0,0
989,20391,LePetitBallon,0,0.0,0.0,0.0,0.0,0
990,240429,Nestor,0,0.03333333333333333,0.0,0.0,1.0,0
991,1634384,IPaidThat,0,0.04,0.0,0.0,1.0,0
992,892834,Agriconomie,0,0.01694915254237288,0.0,0.0,1.0,0
993,924749,Comparateuragricole.com,0,0.0,0.0,0.0,0.0,0
994,922754,Frigo Magic,0,0.0,0.0,0.0,0.0,0
995,925807,Businesstable,0,0.034482758620689655,0.0,0.0,0.0,0
996,964572,Clustaar,0,0.12903225806451613,0.0,0.0,0.0,0
997,1249643,Yuka,0,0.0,0.0,0.0,0.0,0
998,197040,Julie Desk,0,0.0,0.0,0.0,0.0,0
999,885327,Chefclub,0,0.06818181818181818,0.0,0.0,0.0,0
1000,1511415,Storelift,0,0.15384615384615385,0.0,0.0,0.0,0
1001,961884,Easilys,0,0.05063291139240506,1.0,0.0,0.0,0
1002,901802,L'Addition,0,0.07575757575757576,0.0,0.0,0.0,0
1003,1880723,Technique Solaire,0,0.13513513513513514,0.0,0.0,0.0,0
1004,958094,Vite Mon Marché,0,0.06666666666666667,0.0,0.0,0.0,0
1005,1662816,Baguette Academy,0,0.0,0.0,0.0,0.0,0
1006,131989,Datananas,0,0.1,0.0,0.0,1.0,0
1007,1480399,Zest HACCP,0,0.0,0.0,0.0,0.0,0
1008,1660461,Key Infuser,0,0.2857142857142857,0.0,0.0,0.0,0
1009,1660511,Meal Canteen,0,0.0,0.0,0.0,0.0,0
1010,1481883,Nateo Healthcare,0,0.2727272727272727,0.0,0.0,0.0,0
1011,1662457,Caviste Authentique,0,0.0,0.0,0.0,0.0,0
1012,969480,CYNBIOSE,1,0.45454545454545453,0.0,1.0,0.0,0
1013,1816615,Wind my roof,0,,,,,1
1014,945964,Heyday Integrated Circuits,1,0.6,0.0,0.0,0.0,0
1015,1800598,Fuzzy Logic Robotics,0,,,,,1
1016,933411,Memorize,0,0.0,0.0,0.0,0.0,0
1017,883391,1D Lab,0,0.2,0.0,0.0,1.0,0
1018,889686,360&1,0,0.0,0.0,0.0,0.0,0
1019,968961,AB7 Industries,0,0.32558139534883723,0.0,0.0,0.0,0
1020,156832,Abilian,1,1.0,0.0,1.0,1.0,0
1021,1826647,About Goods Company,0,0.42857142857142855,0.0,0.0,0.0,0
1022,20346,Pydio,0,1.0,0.0,0.0,0.0,0
1023,1659501,Abricot,0,0.0,0.0,0.0,0.0,0
1024,894224,Romy,0,0.14285714285714285,0.0,0.0,0.0,0
1025,8958,Adrenaline Hunter,0,0.0,0.0,0.0,0.0,0
1026,1448366,Adok,0,0.08333333333333333,0.0,0.0,0.0,0
1027,928195,Advisor SLA,0,,,,,1
1028,73029,Advanced Accelerator Applications,0,,,,,1
1029,893827,Aedmap,0,0.0,0.0,0.0,1.0,0
1030,969002,Aerial,1,0.5384615384615384,0.0,0.0,0.0,0
1031,1482952,ANSES,0,,,,,1
1032,1747894,Aix Sonic,0,,,,,1
1033,1816945,Algae Natural Food,0,0.0,0.0,0.0,0.0,0
1034,870615,Sociallymap,0,0.14285714285714285,0.0,0.0,1.0,0
1035,233747,Alkemics,0,0.16129032258064516,1.0,0.0,0.0,0
1036,1818427,Abe,0,,,,,1
1037,894779,Otherwise Insurance,0,0.09090909090909091,0.0,0.0,0.0,0
1038,1743170,Anaxi Technology,0,0.0,0.0,0.0,0.0,0
1039,1742971,Anova-Plus,0,,,,,1
1040,1834529,Appinmail,0,,,,,1
1041,213699,Aqua-tools,0,0.4166666666666667,0.0,0.0,0.0,0
1042,1660172,AR24,0,0.038461538461538464,0.0,0.0,0.0,0
1043,1479428,Arcure,1,0.32608695652173914,0.0,0.0,0.0,0
1044,4969,Archos,0,,,,,1
1045,1465700,Aroma Therapeutics,0,0.2,0.0,0.0,0.0,0
1046,918223,Minuit Une,0,0.13333333333333333,0.0,0.0,0.0,0
1047,80145,Artips,0,0.046875,0.0,0.0,0.0,0
1048,1478628,CETI Centre Européen des Textiles Innovants,1,0.4444444444444444,0.0,0.0,0.0,0
1049,898281,Aston Itrade Finance,0,0.14285714285714285,0.0,0.0,0.0,0
1050,1662719,Atelier du Fruit,1,0.625,0.0,0.0,0.0,0
1051,1834582,Auum,0,0.3076923076923077,0.0,0.0,0.0,0
1052,1748341,Awacloud,0,0.0,0.0,0.0,1.0,0
1053,892388,Axyn Robotique,0,0.2727272727272727,0.0,0.0,0.0,0
1054,1726288,Fizix,0,0.0,0.0,0.0,0.0,0
1055,1478750,Baby Sittor,0,0.03333333333333333,0.0,0.0,0.0,0
1056,1783175,BCM Energy group,0,,,,,1
1057,1834629,Beesbusy,0,0.18181818181818182,0.0,0.0,0.0,0
1058,125021,Beekast,1,0.11320754716981132,0.0,1.0,1.0,0
1059,1482787,Beyond Ratings,0,0.4444444444444444,0.0,0.0,0.0,0
1060,1716541,BimBamJob,0,,,,,1
1061,1329721,Merieux Nutrisciences Corporation,0,,,,,1
1062,1715788,Biolie,1,0.45454545454545453,0.0,0.0,0.0,0
1063,915054,Blade Shadow,0,,,,,1
1064,892805,Blueboard,0,0.17647058823529413,0.0,0.0,0.0,0
1065,1478505,Boa Concept,0,0.125,0.0,0.0,0.0,0
1066,1659870,Boarding Ring,1,0.2,0.0,0.0,0.0,0
1067,894828,Body cap,1,0.38461538461538464,0.0,1.0,0.0,0
1068,882396,Bon de Visite,0,0.1875,0.0,0.0,0.0,0
1069,969277,BOOKBEO SAS,0,0.16666666666666666,0.0,0.0,0.0,0
1070,246820,BOTIFY,0,,,,,1
1071,1662560,Brasserie Dulion,0,0.0,0.0,0.0,0.0,0
1072,81338,THECALLR,0,0.16666666666666666,0.0,0.0,0.0,0
1073,1481650,Calmedica,0,0.15384615384615385,0.0,0.0,0.0,0
1074,215040,Camp de Bases,0,0.07692307692307693,0.0,0.0,0.0,0
1075,1482674,Caveasy,0,0.0,0.0,0.0,0.0,0
1076,969347,Cellulopack,0,0.0,0.0,0.0,0.0,0
1077,1479647,CellMade,1,0.5,0.0,0.0,0.0,0
1078,6848,CellNovo,0,0.0,0.0,0.0,0.0,0
1079,969359,Ceramiques Techniques Industrielles,0,0.25,0.0,0.0,0.0,0
1080,1802949,CCI Paris Ile de France,0,,,,,1
1081,878020,Charge Map,0,0.04,0.0,0.0,0.0,0
1082,1478769,Chouette,1,0.3125,0.0,0.0,0.0,0
1083,1834821,CIMTECH,0,,,,,1
1084,881492,Cineapp,0,0.0,0.0,0.0,0.0,0
1085,1477769,CityTaps,1,0.25,0.0,1.0,0.0,0
1086,1749261,Clarteis,1,0.3333333333333333,0.0,1.0,1.0,0
1087,1458357,YusoFleet,0,0.1,0.0,0.0,0.0,0
1088,1748047,Clean Cells,0,,,,,1
1089,1707809,CNIM,0,,,,,1
1090,1534416,CMI'nov,0,0.25,0.0,0.0,0.0,0
1091,969407,Coating Plasma Industrie,0,0.5714285714285714,0.0,0.0,0.0,0
1092,1448365,Matha (formerly Coding Days),0,0.0,0.0,0.0,0.0,0
1093,882397,Colisweb,0,0.022222222222222223,0.0,0.0,0.0,0
1094,1477385,Coldinnov,0,0.3333333333333333,0.0,0.0,0.0,0
1095,1846182,Compumedics Europe,0,,,,,1
1096,1834881,Conjecto,0,0.25,0.0,0.0,0.0,0
1097,901214,Containous,0,0.22727272727272727,0.0,0.0,0.0,0
1098,1458439,Cooptalis,0,,,,,1
1099,969453,COVALAB,0,0.3888888888888889,0.0,0.0,0.0,0
1100,969461,CREPIM,0,0.7142857142857143,0.0,0.0,0.0,0
1101,1447887,Daan Technologies,0,0.23076923076923078,0.0,0.0,0.0,0
1102,969513,Deligeo SASU,0,0.6,0.0,0.0,0.0,0
1103,891399,Delta Drone,0,0.1875,0.0,0.0,0.0,0
1104,969537,DigiMobee SAS,0,0.0,0.0,0.0,0.0,0
1105,1835001,Disruptual,0,0.05,0.0,0.0,0.0,0
1106,1478177,DNA GENSEE,0,,,,,1
1107,188035,Doctolib,0,,,,,1
1108,927154,Domraider,0,0.0,0.0,0.0,0.0,0
1109,1480165,DreaminzZz,0,0.3333333333333333,0.0,0.0,0.0,0
1110,971800,Dronisos,0,0.24,0.0,0.0,0.0,0
1111,12474,DxO Labs,0,0.27631578947368424,0.0,0.0,0.0,0
1112,893940,Dynseo,0,0.23076923076923078,0.0,0.0,0.0,0
1113,1743092,EASY MOUNTAIN,0,,,,,1
1114,899474,Ecov,1,0.1956521739130435,0.0,0.0,0.0,0
1115,13832,eduPad,0,0.14285714285714285,0.0,0.0,0.0,0
1116,208441,EFFICIENCIA,0,,,,,1
1117,1835086,ELECTRIC LOADING,0,0.0,0.0,0.0,0.0,0
1118,1529187,Entech Smart Energies,0,0.4418604651162791,0.0,0.0,0.0,0
1119,969659,EpiConcept SAS,1,0.11764705882352941,0.0,0.0,0.0,0
1120,982963,EPHYLA SAS,0,0.3333333333333333,0.0,0.0,0.0,0
1121,1479113,Eqinov,0,0.3,0.0,0.0,0.0,0
1122,1463283,Esi Group,0,,,,,1
1123,1713654,Evolucare,0,,,,,1
1124,1477626,Eznov,0,,,,,1
1125,894846,Ezygain,0,0.0,0.0,0.0,0.0,0
1126,14806,Fidzup,0,0.0,0.0,0.0,0.0,0
1127,131136,FilmDoo,0,,,,,1
1128,1481077,FinFrog,0,0.14285714285714285,0.0,0.0,0.0,0
1129,1792464,Flaneurz,0,0.125,0.0,0.0,1.0,0
1130,1480508,Flaminem,1,0.35714285714285715,0.0,1.0,0.0,0
1131,1748327,Flexio,0,,,,,1
1132,1683507,Flowersep,0,0.3333333333333333,0.0,0.0,0.0,0
1133,973408,Follow,0,0.11764705882352941,0.0,0.0,0.0,0
1134,904503,Fortia Financial Solutions,0,0.3559322033898305,0.0,0.0,0.0,0
1135,915933,Fundvisory,1,0.2222222222222222,0.0,0.0,0.0,0
1136,973287,Geev,0,0.05555555555555555,0.0,0.0,0.0,0
1137,20404,Gemmyo,0,0.05555555555555555,0.0,0.0,0.0,0
1138,74156,Genymobile,0,0.28,0.0,0.0,0.0,0
1139,970155,GenOway,1,0.4666666666666667,2.0,3.0,0.0,0
1140,1822559,Géochanvre,0,,,,,1
1141,968565,Georges,0,0.037383177570093455,0.0,0.0,0.0,0
1142,1477507,Eurasante,1,0.10309278350515463,0.0,1.0,0.0,0
1143,1479958,Gladys,0,0.2,0.0,0.0,0.0,0
1144,979372,GLAze,0,,,,,1
1145,249460,Glose,1,0.375,0.0,0.0,0.0,0
1146,20333,Glowbl,0,,,,,1
1147,944087,Gojob,0,,,,,1
1148,1747897,Gosense,0,,,,,1
1149,1742889,Green Research,0,0.5,0.0,0.0,0.0,0
1150,933391,Groupeer technologies,0,0.2,0.0,0.0,0.0,0
1151,1464678,Hainaut Plast Industry,0,0.16666666666666666,0.0,0.0,0.0,0
1152,869257,Hélicéo,0,0.6923076923076923,0.0,0.0,0.0,0
1153,904630,Hellocare,0,0.05263157894736842,0.0,0.0,0.0,0
1154,1747878,Helio Pur Technologies,0,,,,,1
1155,1787963,InnoBee SC,0,,,,,1
1156,868014,Hiptest,1,0.25,0.0,1.0,0.0,0
1157,926516,Lifen,1,0.13559322033898305,0.0,1.0,1.0,0
1158,968132,HYPNO VR,1,0.2,0.0,1.0,0.0,0
1159,926835,HyVibe,1,0.4,0.0,1.0,0.0,0
1160,79975,Idexlab,1,0.16666666666666666,0.0,1.0,0.0,0
1161,1479027,Idosens,0,0.25,0.0,0.0,0.0,0
1162,116875,iDyls,0,,,,,1
1163,1484190,Golem.ai,0,,,,,1
1164,1748145,Imbrikation,0,,,,,1
1165,1743414,Imeon Energy,0,0.2,0.0,0.0,0.0,0
1166,205636,Impact,0,,,,,1
1167,983146,IMPETUS Afea SAS,1,0.5,0.0,1.0,1.0,0
1168,1477478,IndiceA,0,0.0,0.0,0.0,0.0,0
1169,213416,INES,0,,,,,1
1170,983166,INNOPSYS,0,0.3333333333333333,0.0,0.0,0.0,0
1171,1477710,Inlead,0,0.0,0.0,0.0,0.0,0
1172,899676,Inovotion,1,0.4117647058823529,0.0,1.0,0.0,0
1173,15789,Insoft,0,,,,,1
1174,1844427,INERIS,0,,,,,1
1175,1447307,InVirtus Technologies,0,0.2727272727272727,0.0,0.0,0.0,0
1176,970400,Institut de Prise en Charge de l'Obésité,0,0.0,0.0,0.0,0.0,0
1177,1817066,Ipan Ipan,0,,,,,1
1178,1463689,Iroc Technologies Sa,1,0.5384615384615384,0.0,1.0,0.0,0
1179,1484052,Ism Energie,0,,,,,1
1180,212917,Ibelem,0,0.29850746268656714,0.0,0.0,0.0,0
1181,244025,IZBERG Marketplace,0,0.09090909090909091,0.0,0.0,0.0,0
1182,1618932,Izi Family,0,0.5,0.0,0.0,0.0,0
1183,1660449,Jobmaker,0,0.0,0.0,0.0,1.0,0
1184,890682,Joy,0,0.5,0.0,0.0,1.0,0
1185,1743210,KINETI TECHNOLOGIES,0,0.125,0.0,0.0,0.0,0
1186,1749023,Kinestesia,0,,,,,1
1187,107194,Klara,0,0.0,0.0,0.0,0.0,0
1188,864948,Kolibree,0,0.16666666666666666,0.0,0.0,0.0,0
1189,894015,Koom,0,0.0,0.0,0.0,0.0,0
1190,865129,Kyomed,1,0.375,0.0,1.0,0.0,0
1191,1449743,Kwit,0,0.08333333333333333,0.0,0.0,0.0,0
1192,1844727,LEDIXIS,0,0.25,0.0,0.0,0.0,0
1193,926929,Libheros,0,,,,,1
1194,1477823,Lifeaz,0,0.13793103448275862,0.0,0.0,0.0,0
1195,1482760,Lineberty,0,0.0,0.0,0.0,0.0,0
1196,80887,Linkurious,0,,,,,1
1197,1248606,LiveMon,0,0.3333333333333333,0.0,0.0,0.0,0
1198,1748198,Lulu Dans Ma Rue,0,0.05128205128205128,0.0,0.0,0.0,0
1199,971860,LUMICORPS,0,,,,,1
1200,970587,M3 SYSTEMS,0,0.4444444444444444,0.0,0.0,0.0,0
1201,1743117,Machines-3D,0,,,,,1
1202,1462632,Magnisense,0,,,,,1
1203,20410,Mapado,0,0.15384615384615385,0.0,0.0,0.0,0
1204,1748975,Maple High Tech,0,,,,,1
1205,1835922,Marguerite,0,,,,,1
1206,1686704,Mascara,0,0.23809523809523808,1.0,0.0,1.0,0
1207,983349,MDB Texinov,0,0.3870967741935484,0.0,0.0,0.0,0
1208,1466651,Medelse,0,,,,,1
1209,20481,Melusyn,0,0.18181818181818182,0.0,0.0,0.0,0
1210,1720910,METHAJOULE,0,,,,,1
1211,1660517,Mini Green Power,0,0.26666666666666666,0.0,0.0,1.0,0
1212,20459,Mirakl,0,,,,,1
1213,211335,Mobi Rider,0,,,,,1
1214,1743573,Lefty,0,,,,,1
1215,1463522,Mondragon Assembly Sa,0,,,,,1
1216,959268,Mooncard,0,0.06666666666666667,0.0,0.0,0.0,0
1217,1483506,MOVE ‘N SEE,1,0.375,0.0,1.0,0.0,0
1218,894800,My traffic,0,0.18181818181818182,0.0,0.0,0.0,0
1219,1855477,My Cyber Royaume,0,0.11764705882352941,0.0,0.0,0.0,0
1220,1820609,Namaki cosmetics,0,0.0,0.0,0.0,0.0,0
1221,1673708,Naister,1,0.45454545454545453,0.0,1.0,0.0,0
1222,1248615,Neuralcat,0,,,,,1
1223,865548,Nexidia,0,,,,,1
1224,882384,Nomad Education,0,0.06976744186046512,0.0,0.0,0.0,0
1225,1479338,Novaday,0,0.0,0.0,0.0,0.0,0
1226,117438,Protoryper,0,0.0,0.0,0.0,0.0,0
1227,1737070,NumWorks,1,0.08695652173913043,0.0,0.0,0.0,0
1228,882416,Oncovet Clinical Research,1,0.5384615384615384,0.0,0.0,0.0,0
1229,1467852,Octech,0,,,,,1
1230,1466655,Oledcomm,0,0.25,0.0,0.0,0.0,0
1231,116338,OMA,0,,,,,1
1232,891140,Qonto,0,,,,,1
1233,918280,ICO by Ondilo,0,0.3333333333333333,0.0,0.0,0.0,0
1234,894880,Open ocean,0,0.0,0.0,0.0,0.0,0
1235,1742970,OpenDigitalEducation,1,0.09375,0.0,1.0,0.0,0
1236,1480810,Soyooz,0,0.0,0.0,0.0,0.0,0
1237,1792197,Orfeo,0,0.0,0.0,0.0,0.0,0
1238,1817183,Organeo,0,0.0,0.0,0.0,0.0,0
1239,983666,SECLUDIT,0,0.0,0.0,0.0,0.0,0
1240,168657,OOYYO,0,,,,,1
1241,962205,EcoTree,0,0.023255813953488372,0.0,0.0,1.0,0
1242,235427,PayFit,0,,,,,1
1243,971049,Prestwick Chemical Inc.,0,0.65,0.0,0.0,0.0,0
1244,1918382,Peopeo,0,,,,,1
1245,1891154,Pixii,0,,,,,1
1246,1817197,Planete Concept,0,,,,,1
1247,891285,Skillup,0,0.08333333333333333,0.0,0.0,0.0,0
1248,933091,Prédictice SAS,0,0.19444444444444445,0.0,0.0,1.0,0
1249,1750212,Primaa,1,0.23529411764705882,1.0,1.0,0.0,0
1250,73028,Prodways,0,0.3387096774193548,0.0,0.0,0.0,0
1251,1832506,Proviridis,0,,,,,1
1252,892846,PurchEase,0,0.1111111111111111,0.0,0.0,0.0,0
1253,1836470,Purecontrol,0,0.2857142857142857,0.0,0.0,0.0,0
1254,1836474,Quai des apps,0,,,,,1
1255,866115,Quanta Computing,0,,,,,1
1256,1836498,Reactiv'IP,0,0.5,0.0,0.0,1.0,0
1257,203349,Realytics,0,0.3888888888888889,0.0,0.0,1.0,0
1258,1281351,Reel,0,,,,,1
1259,885725,DigiFood,0,0.047619047619047616,0.0,0.0,0.0,0
1260,891705,R&Drone,0,,,,,1
1261,971163,RONDOL TECHNOLOGY Ltd,0,0.6,0.0,0.0,0.0,0
1262,1817216,Rtech-Œnologie,0,0.2,0.0,0.0,0.0,0
1263,117657,EAZIEER,0,1.0,0.0,0.0,0.0,0
1264,894898,Sounds good,0,0.5,0.0,0.0,0.0,0
1265,908848,S2P,0,,,,,1
1266,933434,Saboga / le taximetre,0,,,,,1
1267,899144,Save innovations,0,,,,,1
1268,933441,Solaire Box,1,0.14285714285714285,0.0,1.0,1.0,0
1269,954561,Seald,0,0.125,0.0,0.0,0.0,0
1270,1843318,Sea Proven,0,0.2857142857142857,0.0,0.0,0.0,0
1271,929684,Seaver,0,0.1111111111111111,0.0,0.0,0.0,0
1272,949105,Sericyne,0,0.0,0.0,0.0,1.0,0
1273,887153,Farinia Group,0,0.047619047619047616,0.0,0.0,0.0,0
1274,198996,Shippeo,0,0.1322314049586777,0.0,0.0,0.0,0
1275,971295,SILIOS Technologies,0,0.375,0.0,0.0,0.0,0
1276,918915,Silex,1,0.10344827586206896,0.0,0.0,1.0,0
1277,970215,Groupe SILICOM,1,0.36464088397790057,0.0,0.0,0.0,0
1278,20676,SimpliField,0,0.19230769230769232,0.0,0.0,0.0,0
1279,1248635,SkillCorner,0,0.25,0.0,0.0,0.0,0
1280,894895,Skintifique,1,0.25,0.0,1.0,0.0,0
1281,892054,Skinjay,0,0.08333333333333333,0.0,0.0,1.0,0
1282,79480,Smartesting,0,0.07692307692307693,0.0,0.0,0.0,0
1283,927023,Smartviser,0,0.23076923076923078,0.0,0.0,0.0,0
1284,915273,Smart Cast,0,0.7142857142857143,0.0,0.0,0.0,0
1285,1660335,Eqwall & Dialogfeed,0,0.0,0.0,0.0,0.0,0
1286,924977,Sofrinnov,0,0.0,0.0,0.0,1.0,0
1287,1480151,Soyhuce,1,0.2962962962962963,0.0,1.0,1.0,0
1288,870509,Spendesk,0,,,,,1
1289,20539,Spideo,0,0.24,0.0,0.0,0.0,0
1290,1836732,Spicetronic,0,0.5,0.0,0.0,0.0,0
1291,965221,SportBak,0,0.0,0.0,0.0,0.0,0
1292,1464701,Steripure,0,0.1,0.0,0.0,0.0,0
1293,20425,StreamRoot,0,0.3333333333333333,0.0,0.0,0.0,0
1294,1463619,Strane Innovation Sas,1,0.3684210526315789,0.0,0.0,1.0,0
1295,28084,Sunna Design,0,0.3235294117647059,0.0,0.0,0.0,0
1296,898130,FundShop,0,0.5,0.0,0.0,0.0,0
1297,889884,Swaven,0,0.09090909090909091,0.0,0.0,0.0,0
1298,1873761,SYMALEAN,0,0.0,0.0,0.0,0.0,0
1299,954549,Syscobat,0,0.14285714285714285,0.0,0.0,0.0,0
1300,1836822,Synovo Group,0,0.225,0.0,0.0,0.0,0
1301,1800595,Sysmo,0,,,,,1
1302,894005,Interactive-mobility,0,0.17391304347826086,0.0,0.0,0.0,0
1303,868987,TabMo,0,0.23809523809523808,0.0,0.0,0.0,0
1304,894905,Tempow,0,0.05,0.0,0.0,0.0,0
1305,1477471,Teach on Mars,0,0.15,0.0,0.0,1.0,0
1306,956529,Javelo,0,0.0,0.0,0.0,1.0,0
1307,891965,Techni Drone,0,0.1,0.0,0.0,0.0,0
1308,971437,Teem Photonics S.A.,1,0.6086956521739131,0.0,1.0,0.0,0
1309,198921,Terradona,0,0.07692307692307693,0.0,0.0,0.0,0
1310,951770,Tesalys,0,0.3333333333333333,0.0,0.0,0.0,0
1311,899876,Tetrane,1,0.5714285714285714,0.0,0.0,0.0,0
1312,868227,Declic et des Trucs,0,,,,,1
1313,1687682,ToucanToco,0,0.07407407407407407,0.0,0.0,1.0,0
1314,971492,Transvalor S.A.,1,0.28169014084507044,0.0,0.0,0.0,0
1315,952701,Tresorio,0,0.058823529411764705,0.0,0.0,1.0,0
1316,1817252,Twistaroma,1,0.2,0.0,1.0,1.0,0
1317,1743392,Ublo,0,,,,,1
1318,1748408,Ubi Transports,0,,,,,1
1319,19311,Ulule,0,0.03333333333333333,0.0,0.0,0.0,0
1320,1743235,UmanIT,0,0.06896551724137931,0.0,0.0,0.0,0
1321,972922,Utocat,0,0.058823529411764705,0.0,0.0,0.0,0
1322,949120,Vectaury,0,0.125,1.0,0.0,0.0,0
1323,1682029,Vetbiobank,1,0.5454545454545454,0.0,1.0,1.0,0
1324,1710888,Victor & Charles,0,0.0,0.0,0.0,0.0,0
1325,892933,Virtuo,0,0.06741573033707865,0.0,0.0,0.0,0
1326,1837085,Wassa,0,0.18518518518518517,0.0,0.0,0.0,0
1327,894232,WATCHDOG SYSTEM,0,0.2,0.0,0.0,0.0,0
1328,889420,Wired Beauty Technologies,0,0.0,0.0,0.0,0.0,0
1329,1477549,Homepulse,0,0.0,0.0,0.0,0.0,0
1330,947837,WeMaintain,1,0.2826086956521739,0.0,0.0,2.0,0
1331,1837166,WIZWEDGE,0,,,,,1
1332,894203,Wizzilab,0,0.6,0.0,0.0,1.0,0
1333,873603,Wizzvet,0,0.0,0.0,0.0,0.0,0
1334,1483192,XiKO,0,0.0,0.0,0.0,0.0,0
1335,973220,Yes It Is,0,0.25,0.0,0.0,0.0,0
1336,1786009,Yuca,0,,,,,1
1337,232880,"YUZU USA, Inc.",0,0.0,0.0,0.0,0.0,0
1338,1448492,Zaack,0,0.2,0.0,0.0,0.0,0
1339,869196,Zelup,0,0.0,0.0,0.0,0.0,0
1340,1528826,Zenpark,1,0.17647058823529413,0.0,1.0,3.0,0
1341,1483225,ZestMeUp,1,0.0967741935483871,0.0,0.0,1.0,0
1342,1483629,Zhor Tech,0,0.5714285714285714,0.0,0.0,0.0,0
1343,894869,Meiogenix,1,0.5,0.0,1.0,1.0,0
1344,889421,Wisebatt,0,0.25,0.0,0.0,0.0,0
1345,894857,Iconem,0,0.15384615384615385,1.0,0.0,0.0,0
1346,172629,Nanolike,1,0.4444444444444444,0.0,0.0,1.0,0
1347,1248600,IQspot,1,0.3333333333333333,1.0,2.0,1.0,0
1348,1832878,BOREA,0,0.2222222222222222,0.0,0.0,0.0,0
1349,1249120,Chronolife,1,0.2916666666666667,0.0,1.0,1.0,0
1350,1945961,Ryax,0,,,,,1
1351,80504,FEELIGREEN,0,0.45454545454545453,0.0,0.0,0.0,0
1352,1485234,Simbals Analytics,1,1.0,0.0,2.0,1.0,0
1353,1834502,Alveole,0,,,,,1
1354,956086,Abeeway,0,0.4444444444444444,0.0,0.0,0.0,0
1355,1479978,KeeeX,1,0.2,0.0,1.0,0.0,0
1356,1861838,CILcare,0,0.25,0.0,0.0,0.0,0
1357,1249379,Icohup,1,0.2727272727272727,0.0,2.0,2.0,0
1358,160457,Dictanova,0,0.0,0.0,0.0,0.0,0
1359,1450622,Gleamer,1,0.2608695652173913,0.0,0.0,0.0,0
1360,882954,Nexdot,1,0.6739130434782609,0.0,0.0,0.0,0
1361,1765266,Nukeygara,0,,,,,1
1362,969633,EMOSIS,1,0.5294117647058824,0.0,1.0,2.0,0
1363,1837120,WeGoTo,0,0.3333333333333333,0.0,0.0,0.0,0
1364,1662451,DSInstruments,0,0.45,0.0,0.0,1.0,0
1365,975727,Domoscio,0,0.17647058823529413,0.0,0.0,0.0,0
1366,1743502,Vaiomer,0,0.6666666666666666,0.0,0.0,0.0,0
1367,926464,Altaroad,0,,,,,1
1368,1831991,Ekinnox,1,0.14285714285714285,0.0,0.0,1.0,0
1369,1915729,Matchable,0,,,,,1
1370,73101,Acute3D,0,,,,,1
1371,1747967,Fasteesh,1,0.42857142857142855,1.0,1.0,0.0,0
1372,1762034,CardioRenal,1,0.4166666666666667,0.0,1.0,0.0,0
1373,1660309,Doptim,1,0.5,0.0,0.0,0.0,0
1374,1458562,Billee,0,0.375,0.0,0.0,0.0,0
1375,892828,Vocal Apps,0,0.0,0.0,0.0,1.0,0
1376,79741,Catopsys,0,,,,,1
1377,1742608,ATLANGRAM,0,0.0,0.0,0.0,0.0,0
1378,1743343,AGV Discovery,0,,,,,1
1379,1479781,Myakiatto,0,0.0,0.0,0.0,0.0,0
1380,1248626,Pollen robotics,1,0.7142857142857143,2.0,1.0,2.0,0
1381,917998,Anaquant,0,0.2222222222222222,0.0,0.0,0.0,0
1382,1684469,DELTALYS,0,0.18181818181818182,0.0,0.0,0.0,0
1383,11306,DiVA-Cloud,0,0.0,0.0,0.0,0.0,0
1384,1453274,E-Attract,1,0.3333333333333333,0.0,1.0,0.0,0
1385,1477997,Eazylang,0,0.25,0.0,0.0,0.0,0
1386,1477522,EikoSim,1,0.42857142857142855,0.0,1.0,0.0,0
1387,899164,Ema,0,,,,,1
1388,972030,Emersya,0,0.13333333333333333,0.0,0.0,0.0,0
1389,1891169,Enovasense,0,0.6,1.0,0.0,1.0,0
1390,1743010,E-ophtalmo,1,0.2,0.0,1.0,0.0,0
1391,1249178,E-SIMS,0,0.0,0.0,0.0,0.0,0
1392,1835151,Everblix,0,,,,,1
1393,20422,Excambia,0,0.0,0.0,0.0,0.0,0
1394,1986174,EXTRACTHIVE,0,,,,,1
1395,969710,FASTLITE,1,0.7222222222222222,0.0,1.0,0.0,0
1396,890958,Finoptim,0,0.16666666666666666,0.0,0.0,0.0,0
1397,1908777,Fullscale,0,,,,,1
1398,894849,Gema,1,0.6,0.0,2.0,0.0,0
1399,1835407,Holdies,0,0.0,0.0,0.0,0.0,0
1400,904631,Hublex,1,0.5555555555555556,0.0,1.0,1.0,0
1401,1832963,Imageens,1,0.5,0.0,1.0,0.0,0
1402,1481848,Jobtruster,0,0.0,0.0,0.0,0.0,0
1403,202024,Kalyzee,0,0.0,0.0,0.0,0.0,0
1404,913177,Kidsplanner,0,0.0,0.0,0.0,0.0,0
1405,892810,Koober,0,0.0,0.0,0.0,1.0,0
1406,1447945,K-Ryole,0,0.14705882352941177,0.0,0.0,0.0,0
1407,1483464,Led's Chat,1,0.6,0.0,1.0,1.0,0
1408,1742722,Lixoft,0,0.5,0.0,0.0,0.0,0
1409,1683491,Luxeram,0,0.0,0.0,0.0,0.0,0
1410,886249,Malkyrs,0,0.0,0.0,0.0,0.0,0
1411,926930,Mars: Hello,0,,,,,1
1412,886250,Mediego,0,0.25,0.0,0.0,0.0,0
1413,1481662,MetaDesk,0,0.0,0.0,0.0,0.0,0
1414,212177,METRIXWARE,0,0.14285714285714285,0.0,0.0,0.0,0
1415,79434,MFG Labs,0,0.4166666666666667,0.0,0.0,0.0,0
1416,1464546,Moon,0,0.0,0.0,0.0,0.0,0
1417,1484066,MoovLab,1,0.25,1.0,1.0,1.0,0
1418,1836047,MOVIN'SMART,0,0.5,0.0,0.0,0.0,0
1419,1836054,MuseoPic,1,0.5,0.0,1.0,1.0,0
1420,128063,MyFeelBack,0,0.06060606060606061,0.0,0.0,0.0,0
1421,1660537,Myrissi,0,0.16666666666666666,0.0,0.0,0.0,0
1422,188523,NaturalPad,1,0.3,0.0,1.0,1.0,0
1423,1836131,Neop,0,0.0,0.0,0.0,0.0,0
1424,1248613,NeoSensys,0,0.0,0.0,0.0,0.0,0
1425,1832960,Odesyo SAS,1,0.4166666666666667,0.0,0.0,0.0,0
1426,1660564,ODONATECH,0,0.14285714285714285,0.0,0.0,0.0,0
1427,882955,Optimiz.Me,0,0.2857142857142857,0.0,0.0,0.0,0
1428,209437,apidaze.io,0,,,,,1
1429,1918519,Ozcar,0,,,,,1
1430,924964,Physio-Assist,0,0.3,0.0,0.0,0.0,0
1431,1742914,Pigmazur.fr,0,1.0,0.0,0.0,0.0,0
1432,1836354,Piwio,1,0.75,0.0,1.0,0.0,0
1433,1682175,Planktovie,1,1.0,0.0,1.0,0.0,0
1434,1434841,Quantia,0,,,,,1
1435,1743269,QuickDo,0,0.0,0.0,0.0,0.0,0
1436,1945734,Quiid,0,,,,,1
1437,1758469,Rarecells Diagnostics SAS,1,0.5,0.0,0.0,0.0,0
1438,1768694,RHEONOVA,0,,,,,1
1439,1836585,Samesame,0,0.0,0.0,0.0,0.0,0
1440,1484136,Sancare,0,0.42105263157894735,0.0,0.0,0.0,0
1441,1743443,SAPOVAL,0,0.4166666666666667,0.0,0.0,0.0,0
1442,919637,Alg & You,0,,,,,1
1443,20465,Unitag,0,0.0,0.0,0.0,0.0,0
1444,33729,Scool,0,,,,,1
1445,1481159,Scorelab,0,0.5,0.0,0.0,0.0,0
1446,1748328,Semiotime,0,,,,,1
1447,1817219,Sensostat,0,0.3333333333333333,0.0,0.0,0.0,0
1448,1480438,SHORTOUCH,0,1.0,0.0,0.0,0.0,0
1449,1660651,SIGNACTIF,1,0.6666666666666666,1.0,1.0,1.0,0
1450,1481417,LaBRI,0,,,,,1
1451,1478424,Situ8ed,0,0.4,0.0,0.0,0.0,0
1452,1742871,SKWAZEL,0,0.0,0.0,0.0,0.0,0
1453,244015,SOFTCORNER,0,0.0,0.0,0.0,1.0,0
1454,894896,Sol gel way,0,,,,,1
1455,1749081,Springeo,0,,,,,1
1456,866857,Stimergy,0,,,,,1
1457,1653855,Swikly,0,0.0,0.0,0.0,0.0,0
1458,1833275,Synectique,0,0.0,0.0,0.0,0.0,0
1459,892050,Telegrafik,0,0.06666666666666667,0.0,0.0,0.0,0
1460,1836863,Tenevia,0,0.4444444444444444,0.0,0.0,0.0,0
1461,1836867,TerrOiko,1,0.45454545454545453,1.0,1.0,0.0,0
1462,885413,www.toutiterre.fr,0,,,,,1
1463,1836936,TRAXXS,0,0.25,0.0,0.0,0.0,0
1464,213382,Tumbup,0,,,,,1
1465,1724654,Ubikey,1,0.5,0.0,1.0,1.0,0
1466,1925544,Unova,0,,,,,1
1467,951765,Vaonis,1,0.25,0.0,1.0,0.0,0
1468,1837023,Vesta System,1,0.5714285714285714,0.0,1.0,0.0,0
1469,898401,Wecover,0,,,,,1
1470,1479533,Wever,1,0.3333333333333333,0.0,1.0,1.0,0
1471,1480414,Whoomies,0,0.07142857142857142,0.0,0.0,0.0,0
1472,1743093,WideSens,0,,,,,1
1473,867342,Yousign,0,0.05405405405405406,0.0,0.0,0.0,0
1474,926534,Ythera,0,0.0,0.0,0.0,0.0,0
1475,883284,365Talents,0,0.23684210526315788,0.0,0.0,0.0,0
1476,1748971,3D Eau,1,0.6666666666666666,0.0,2.0,2.0,0
1477,1834411,4D-Virtualiz,1,0.3333333333333333,0.0,1.0,0.0,0
1478,918000,Addbike,0,0.3333333333333333,0.0,0.0,0.0,0
1479,1660150,AIDODYS,0,0.0,0.0,0.0,0.0,0
1480,1749143,Quattrocento,1,0.5555555555555556,0.0,1.0,0.0,0
1481,894780,Ambientic,0,1.0,0.0,0.0,0.0,0
1482,1447938,ANTOFENOL,1,0.625,1.0,0.0,0.0,0
1483,901208,Antsway,1,0.18181818181818182,0.0,0.0,1.0,0
1484,1816950,Appie,0,0.0,0.0,0.0,0.0,0
1485,1683400,Aqsitania,1,0.25,1.0,1.0,0.0,0
1486,883357,Artefact,0,,,,,1
1487,910872,Authentic Material,0,0.09090909090909091,0.0,0.0,0.0,0
1488,1742747,Aviitam,1,0.6,0.0,1.0,1.0,0
1489,1832860,Axellience,1,0.42857142857142855,0.0,1.0,2.0,0
1490,1483065,Azameo,0,0.07692307692307693,0.0,0.0,1.0,0
1491,1743149,BeamPulse,0,,,,,1
1492,1730162,Biin,0,,,,,1
1493,1749120,NIREA (formerly Bigarren Bizi),0,,,,,1
1494,901184,Bioentech,1,0.5384615384615384,0.0,0.0,0.0,0
1495,1663006,Biopic,0,,,,,1
1496,1834603,B°Ker,0,0.0,0.0,0.0,0.0,0
1497,1834749,Calnesis,0,,,,,1
1498,894785,Cryptosense,1,0.125,1.0,1.0,0.0,0
1499,926396,Dejamobile,0,0.2857142857142857,0.0,0.0,1.0,0
1500,1835082,Ekyno company,0,,,,,1
1501,1873758,STIM PATENT LAB,1,0.07692307692307693,0.0,1.0,1.0,0
1502,1480505,France Labs,0,0.2,0.0,0.0,1.0,0
1503,1466665,Instant System,1,0.2222222222222222,0.0,0.0,0.0,0
1504,235728,Citodi,0,,,,,1
1505,1755930,La Devanture,0,,,,,1
1506,217428,Le Closet,0,,,,,1
1507,1987283,Microbia Environnement,1,0.5555555555555556,1.0,0.0,0.0,0
1508,1660577,Opta LP,0,,,,,1
1509,132854,Ownpage Technology,1,0.5,0.0,1.0,1.0,0
1510,80695,Per Angusta,0,0.07692307692307693,0.0,0.0,0.0,0
1511,1836415,PowerUp,1,0.29411764705882354,0.0,0.0,0.0,0
1512,1654107,Transaction Connect,0,0.1935483870967742,0.0,0.0,0.0,0
